"Code de la région du lieu des travaux - Code de la zone";"Code de la région du lieu des travaux - Libellé de la zone";"Code du département du lieu des travaux - Code de la zone";"Code du département du lieu des travaux - Libellé de la zone";"Code de la commune du lieu des travaux";"Numéro d’enregistrement du permis d’aménager (PA)";"Etat d’avancement du projet";"Date réelle d’autorisation initiale";"Date réelle d’ouverture de chantier";"Date réelle d’achèvement des travaux";"Année de dépôt de la DAU";"Date (mois) de prise en compte DPC du premier évènement reçu dans Sitadel (dépôt de la demande ou autorisation)";"Date (mois) de prise en compte DPC de l’autorisation initiale";"Date (mois) de prise en compte DPC de l’ouverture du chantier";"Date de dernière mise à jour des données";"Code d’activité principale de l’établissement d’un demandeur avéré en tant que personne morale";"Catégorie juridique d’un demandeur avéré en tant que personne morale";"Dénomination d’un demandeur avéré en tant que personne morale";"Numéro SIREN d’un demandeur avéré en tant que personne morale";"Numéro SIRET d’un demandeur avéré en tant que personne morale";"Code postal du demandeur";"Localité du demandeur";"Indicateur de recours à un architecte";"Numéro de voie du terrain";"Type de voie du terrain";"Libellé de la voie du terrain";"Lieu-dit du terrain";"Localité du terrain";"Code postal du terrain";"Section cadastrale 1";"Numéro parcelle cadastrale 1";"Section cadastrale 2";"Numéro parcelle cadastrale 2";"Section cadastrale 3";"Numéro parcelle cadastrale 3";"Superficie du terrain";"Code zone opératoire"
"REG_CODE";"REG_LIBELLE";"DEP_CODE";"DEP_LIBELLE";"COMM";"NUM_PA";"ETAT_PA";"DATE_REELLE_AUTORISATION";"DATE_REELLE_DOC";"DATE_REELLE_DAACT";"AN_DEPOT";"DPC_PREM";"DPC_AUT";"DPC_DOC";"DPC_DERN";"APE_DEM";"CJ_DEM";"DENOM_DEM";"SIREN_DEM";"SIRET_DEM";"CODPOST_DEM";"LOCALITE_DEM";"REC_ARCHI";"ADR_NUM_TER";"ADR_TYPEVOIE_TER";"ADR_LIBVOIE_TER";"ADR_LIEUDIT_TER";"ADR_LOCALITE_TER";"ADR_CODPOST_TER";"SEC_CADASTRE1";"NUM_CADASTRE1";"SEC_CADASTRE2";"NUM_CADASTRE2";"SEC_CADASTRE3";"NUM_CADASTRE3";"SUPERFICIE_TERRAIN";"ZONE_OP"
"73";"Midi-Pyrénées";"31";"Haute-Garonne";"31555";"03155505M0018";2;"2013-02-13";;;2005;"2013-06";"2013-06";;"2013-06";;;;;;"31100";"TOULOUSE";"false";"18";;"CHEMIN DE CANTO LAOUZETTO";;"TOULOUSE";"31";"AM";"493";;;;;1319;4
"73";"Midi-Pyrénées";"31";"Haute-Garonne";"31555";"03155512M0004";6;"2013-06-27";"2013-06-27";"2013-06-30";2012;"2013-06";"2013-06";"2013-06";"2013-06";"41.10A";5202;"SNC KAUFMAN & BROAD PROMOTION 3";"444266381";"44426638110002";"31000";"TOULOUSE";"false";;;"RUE POUTIER";;"TOULOUSE";"31";"AE";"191";"AE";"200";"AE";"202";18737;4
"73";"Midi-Pyrénées";"31";"Haute-Garonne";"31555";"03155512M0014";2;"2014-03-20";;;2012;"2014-03";"2014-03";;"2014-03";;;;;;"31200";"TOULOUSE";"false";"46";;"CHEMIN DE LANUSSE";;"TOULOUSE";"31";"AK";"338";"AK";"340";;;4200;4
"73";"Midi-Pyrénées";"31";"Haute-Garonne";"31555";"03155512M0021";2;"2013-02-07";;;2012;"2013-06";"2013-06";;"2013-06";"84.11Z";7344;"TOULOUSE METROPOLE";"243100518";"24310051800063";"31505";"TOULOUSE CEDEX 5";"false";"0";;"RUE DE LA POMME";;"TOULOUSE";"31";;;;;;;0;4
"73";"Midi-Pyrénées";"31";"Haute-Garonne";"31555";"03155512M0025";2;"2013-03-21";;;2012;"2013-05";"2013-05";;"2013-05";"41.10A";5710;"PACFA";"434034690";"43403469000017";"31000";"TOULOUSE";"true";"219-2";;"AVENUE DE MURET";;"TOULOUSE";"0";"AK";"174";"AK";"175";;;1524;4
"73";"Midi-Pyrénées";"31";"Haute-Garonne";"31555";"03155513A1000";2;"2013-07-29";;;2013;"2013-05";"2013-07";;"2013-07";"86.10Z";7364;"HOTEL DIEU SAINT JACQUES";"263100125";"26310012500016";;;"false";;"PL";"BAYLAC";"TSA 40031";"TOULOUSE";"31000";"864";"AP15";;;;;0;4
"73";"Midi-Pyrénées";"31";"Haute-Garonne";"31555";"03155513M0002";2;"2013-04-16";;;2013;"2013-05";"2013-05";;"2013-05";;;;;;"31100";"TOULOUSE";"false";;;"CHEMIN PUJIBET";;"TOULOUSE";"0";"AK";"295";"AK";"296";;;2196;4
"73";"Midi-Pyrénées";"31";"Haute-Garonne";"31555";"03155513M0003";2;"2013-05-23";;;2013;"2013-05";"2013-05";;"2013-05";"84.11Z";7344;"TOULOUSE METROPOLE";"243100518";"24310051800063";"31505";"TOULOUSE CEDEX 5";"false";;;"PLACE SAINT PIERRE";;"TOULOUSE";"0";"AE";"158";;;;;652;4
"73";"Midi-Pyrénées";"31";"Haute-Garonne";"31555";"03155513M0005";6;"2013-03-28";"2013-03-28";"2013-04-18";2013;"2013-05";"2013-05";"2013-05";"2013-05";;;;;;"31100";"TOULOUSE";"false";"20 BI";;"CHEMIN DE MAZAYGUES";;"TOULOUSE";"0";"AZ";"146";"AZ";"147";"AZ";"254";1838;4
"73";"Midi-Pyrénées";"31";"Haute-Garonne";"31555";"03155513M0006";6;"2013-05-30";"2013-09-09";"2014-04-23";2013;"2013-06";"2013-06";"2013-09";"2014-04";;;;;;"31100";"TOULOUSE";"false";"59";;"CHEMIN DU LOUP";;"TOULOUSE";"31";"AK";"127";;;;;3202;4
"73";"Midi-Pyrénées";"31";"Haute-Garonne";"31555";"03155513M0007";6;"2013-06-13";"2013-09-13";"2014-03-15";2013;"2013-06";"2013-06";"2014-03";"2014-03";;;;;;"31000";"TOULOUSE";"false";;;"CHE DE RAMELET MOUNDI";;"TOULOUSE";"31";"AY";"69";"AY";"70";;;2785;4
"73";"Midi-Pyrénées";"31";"Haute-Garonne";"31555";"03155513M0008";5;"2013-07-19";"2014-03-14";;2013;"2013-05";"2013-08";"2014-03";"2014-03";;;;;;"31270";"VILLENEUVE TOLOSANE";"false";"20";;"CHE DE MONLONG";;"TOULOUSE";"31";"AL";"57";"AL";"58";;;1480;4
"73";"Midi-Pyrénées";"31";"Haute-Garonne";"31555";"03155513M0009";2;"2013-08-20";;;2013;"2013-05";"2013-08";;"2013-08";"84.11Z";7344;"TOULOUSE METROPOLE";"243100518";"24310051800063";"31505";"TOULOUSE CEDEX 05";"true";;;"PLACE SAINT PIERRE";;"TOULOUSE";"31";;;;;;;0;4
"73";"Midi-Pyrénées";"31";"Haute-Garonne";"31555";"03155513M0011";4;"2013-09-24";;;2013;"2013-05";"2013-09";;"2016-09";;;;;;"31200";"TOULOUSE";"false";"52";"RUE";"PAUL VALERY";"9 CHEMIN DE L'ANUSSE";"TOULOUSE";"31000";"AV";"231";;;;;1383;4
"73";"Midi-Pyrénées";"31";"Haute-Garonne";"31555";"03155513M0012";6;"2014-05-20";"2014-05-20";"2014-07-11";2013;"2013-05";"2014-05";"2014-07";"2014-07";;;;;;"31270";"VILLENEUVE TOLOSANE";"false";"23";;"CHE DE BARIGOUDE";;"TOULOUSE";"31";"AH";"114";"AH";"124";"AH";"126";310;4
"73";"Midi-Pyrénées";"31";"Haute-Garonne";"31555";"03155513M1000";2;"2013-05-14";;;2013;"2013-05";"2013-05";;"2013-05";;;;;;"31059";"TOULOUSE CEDEX 09";"false";"9001";;"PL DU DOCTEUR BAYLAC";;"TOULOUSE";"0";"AP";"15";;;;;203263;4
"73";"Midi-Pyrénées";"31";"Haute-Garonne";"31555";"03155513M1013";6;"2013-08-01";"2016-11-01";"2023-05-09";2013;"2013-06";"2013-08";"2023-05";"2023-05";"68.20A";5599;"SA D'HLM DES CHALETS";"660802844";"66080284400028";"31027";"TOULOUSE CEDEX 03";"false";"52";;"ALL DE GRAND SELVE";;"TOULOUSE";"31";"BE";"248";"BE";"249";;;10578;4
"73";"Midi-Pyrénées";"31";"Haute-Garonne";"31555";"03155513M1014";6;"2013-08-29";"2016-10-29";"2023-05-09";2013;"2013-06";"2013-08";"2023-05";"2023-05";"68.20A";5599;"SA D'HLM DES CHALETS";"660802844";"66080284400028";"31027";"TOULOUSE CEDEX 03";"false";;;"ALL DE GRAND SELVE";;"TOULOUSE";"31";"BE";"168";"BE";"169";"BE";"242";26437;4
"73";"Midi-Pyrénées";"31";"Haute-Garonne";"31555";"03155513M1016";4;"2013-10-01";"2013-10-08";;2013;"2013-08";"2013-10";"2013-10";"2014-03";"68.31Z";5499;"SOC RENOV LOT CONS IMMO PLACEMENT SERVIC";"311732515";"31173251500078";"31000";"TOULOUSE";"false";"14";;"CHEMIN DE ROCAMADOUR";;"TOULOUSE";"31";"AZ";"232";;;;;1153;4
"73";"Midi-Pyrénées";"31";"Haute-Garonne";"31555";"03155513M1017";2;"2013-10-22";;;2013;"2013-08";"2013-10";;"2013-10";"68.10Z";5499;"SARL LE CLOS PASCAL";"800456154";"80045615400015";"31520";"RAMONVILLE ST AGNE";"false";"1";;"RUE JEAN GIONO";"51 ROUTE DE SAINT SIMON";"TOULOUSE";"31";"AY";"118";"AY";"121";"AY";"375";6242;4
"73";"Midi-Pyrénées";"31";"Haute-Garonne";"31555";"03155513M1020";2;"2013-10-29";;;2013;"2013-10";"2013-10";;"2013-10";"84.13Z";7354;"TISSEO COLLECTIVITES SMTCAT";"253100986";"25310098600046";"31902";"TOULOUSE";"false";;;"ANDRE NETWILLER";;"TOULOUSE";"31";"AY";"101";"AY";"107";"AY";"1105";33939;4
"73";"Midi-Pyrénées";"31";"Haute-Garonne";"31555";"03155513M1022";2;"2014-02-06";;;2013;"2014-02";"2014-02";;"2014-02";;;;;;"31860";"LABARTHE SUR LEZE";"false";"44";;"CHE DE CAYRAS";;"TOULOUSE";"31";"AP";"94";;;;;2521;4
"73";"Midi-Pyrénées";"31";"Haute-Garonne";"31555";"03155513M1024";5;"2014-02-18";"2014-11-05";;2013;"2014-02";"2014-02";"2014-11";"2014-11";;;;;;"31100";"TOULOUSE";"false";;;"CHE PUJIBET";;"TOULOUSE";"31";"AK";"16";"AK";"167";;;3734;4
"73";"Midi-Pyrénées";"31";"Haute-Garonne";"31555";"03155514A0007";2;"2014-08-28";;;2014;"2014-03";"2014-08";;"2014-08";"86.10Z";7364;"HOTEL DIEU SAINT JACQUES";"263100125";"26310012500016";;;"false";"2";"PL";"BAYLAC";;"TOULOUSE";;"846";"AP15";"846";"AP14";"846";"AP5";0;4
"73";"Midi-Pyrénées";"31";"Haute-Garonne";"31555";"03155514M0002";2;"2014-07-03";;;2014;"2014-02";"2014-07";;"2014-07";"84.11Z";7210;"COMMUNE DE TOULOUSE";"213105554";"21310555400017";"31000";"TOULOUSE  CEDEX 05";"false";"1 A 1";;"PLACE ESQUIROL";;"TOULOUSE";"31";"AB";"352";;;;;263;4
"73";"Midi-Pyrénées";"31";"Haute-Garonne";"31555";"03155514M0004";2;"2014-03-27";;;2014;"2014-02";"2014-03";;"2014-03";"84.11Z";7344;"TOULOUSE METROPOLE";"243100518";"24310051800063";"31505";"TOULOUSE CEDEX 05";"false";;;"PLACE SAINT-PIERRE";;"TOULOUSE";"31";;;;;;;0;4
"73";"Midi-Pyrénées";"31";"Haute-Garonne";"31555";"03155514M0005";6;"2014-05-13";"2014-08-13";"2015-04-07";2014;"2014-02";"2014-05";"2015-04";"2015-04";"41.10C";5499;"TERRE ET CREATION";"413304957";"41330495700033";"31100";"TOULOUSE";"false";;;"CHE DE MONLONG";;"TOULOUSE";"31";"AL";"74";;;;;10308;4
"73";"Midi-Pyrénées";"31";"Haute-Garonne";"31555";"03155514M0007";2;"2014-03-13";;;2014;"2014-03";"2014-03";;"2014-03";"86.10Z";7364;"HOTEL DIEU SAINT JACQUES";"263100125";"26310012500016";"31059";"TOULOUSE CEDEX 09";"false";"2";;"PLACE BAYLAC";;"TOULOUSE";"31";"AO";"10";"AO";"11";"AP";"14";302800;4
"73";"Midi-Pyrénées";"31";"Haute-Garonne";"31555";"03155514M0008";2;"2014-05-20";;;2014;"2014-03";"2014-05";;"2014-05";"68.31Z";5710;"SOC RENOV LOT CONS IMMO PLACEMENT SERVIC";"311732515";"31173251500078";"31000";"TOULOUSE";"false";"14";;"CHE DE ROCAMADOUR";;"TOULOUSE";"31";"AZ";"232";;;;;1153;4
"73";"Midi-Pyrénées";"31";"Haute-Garonne";"31555";"03155514M0011";5;"2014-09-03";"2015-03-10";;2014;"2014-06";"2014-09";"2015-03";"2015-03";;;;;;"31530";"STE LIVRADE";"false";"19";;"CHE CANTO LAOUZETTO";;"TOULOUSE";"31";"AR";"67";;;;;2591;4
"73";"Midi-Pyrénées";"31";"Haute-Garonne";"31555";"03155514M0012";2;"2014-12-11";;;2014;"2014-07";"2014-12";;"2014-12";"84.11Z";7172;"RECETTE DES FINANCES TOULOUSE MUNICIPALE";"173102112";"17310211200609";"31048";"TOULOUSE";"true";"38";;"AV JEAN MOULIN";;"TOULOUSE";"31";"AD";"41";;;;;20913;4
"73";"Midi-Pyrénées";"31";"Haute-Garonne";"31555";"03155514M0013";6;"2014-07-15";"2015-01-02";"2015-02-05";2014;"2014-07";"2014-07";"2015-01";"2015-02";"41.10C";5499;"VIMMO723";"531951770";"53195177000019";"65200";"CIEUTAT";"false";"22";;"CHE DU CARRELOT";;"TOULOUSE";"31";"AY";"342";;;;;1095;4
"73";"Midi-Pyrénées";"31";"Haute-Garonne";"31555";"03155514M0015";6;"2014-09-15";"2014-09-15";"2014-10-25";2014;"2014-07";"2014-09";"2014-10";"2014-10";;;;;;"31500";"TOULOUSE";"false";"3";;"CHE DE SALIERES";;"TOULOUSE";"31";"AE";"467";;;;;374;4
"73";"Midi-Pyrénées";"31";"Haute-Garonne";"31555";"03155514M0017";6;"2015-03-13";"2015-05-13";"2015-10-09";2014;"2014-12";"2015-03";"2015-10";"2015-10";;;;;;"31500";"TOULOUSE";"false";"41";;"CHE DE BASSO CAMBO";;"TOULOUSE";"31";"AS";"148";;;;;1899;4
"73";"Midi-Pyrénées";"31";"Haute-Garonne";"31555";"03155514M0018";6;"2015-02-26";"2015-06-26";"2016-03-22";2014;"2015-02";"2015-02";"2016-03";"2016-03";;;;;;"32600";"LIAS";"false";"22";;"CHE NEUF";;"TOULOUSE";"31";"AK";"145";"AK";"146";"AK";"147";2481;4
"73";"Midi-Pyrénées";"31";"Haute-Garonne";"31555";"03155515M0002";6;"2015-04-29";"2016-02-10";"2016-06-14";2015;"2015-01";"2015-04";"2016-02";"2016-06";;;;;;"31270";"CUGNAUX";"false";;;"RUE SIMONE SIGNORET";"LIEU-DIT GUILHERMY";"TOULOUSE";"31";"AY";"171";"AY";"172";;;7006;4
"73";"Midi-Pyrénées";"31";"Haute-Garonne";"31555";"03155515M0003";2;"2015-05-05";;;2015;"2015-05";"2015-05";;"2015-05";;;;;;"31200";"TOULOUSE";"false";"46";;"48 CHE DE RAMELET MOUNDI";;"TOULOUSE";"31";"AY";"152";;;;;3742;4
"73";"Midi-Pyrénées";"31";"Haute-Garonne";"31555";"03155515M0004";2;"2015-07-03";;;2015;"2015-04";"2015-07";;"2015-07";;;;;;"64200";"ARCANGUES";"false";;;"IMP PIERRE MOURAND";;"TOULOUSE";"31";"AI";"423";;;;;1681;4
"73";"Midi-Pyrénées";"31";"Haute-Garonne";"31555";"03155515M0006";2;"2015-11-19";;;2015;"2015-05";"2015-11";;"2015-11";"68.31Z";5710;"CPF ASSET MANAGEMENT";"493123251";"49312325100024";"92100";"BOULOGNE BILLANCOURT";"true";"36";;"ROUTE DE BAYONNE";;"TOULOUSE";"31";"AC";"11";"AC";"159";"AC";"166";96353;4
"73";"Midi-Pyrénées";"31";"Haute-Garonne";"31555";"03155515M0010";2;"2015-10-05";;;2015;"2015-10";"2015-10";;"2015-10";"84.11Z";7344;"TOULOUSE METROPOLE";"243100518";"24310051800170";"31505";"TOULOUSE CEDEX 05";"false";;;"QUAI DE TOUNIS";"RUE DE LA GARONNETTE";"TOULOUSE";"31";"AB";"183";;;;;34;4
"73";"Midi-Pyrénées";"31";"Haute-Garonne";"31555";"03155515M0011";2;"2016-02-17";;;2015;"2016-02";"2016-02";;"2016-02";"84.11Z";7344;"TOULOUSE METROPOLE";"243100518";"24310051800170";"31505";"TOULOUSE CEDEX 05";"false";;"PORT";"VIGUERIE";;"TOULOUSE";"31";"AD";"473";;;;;6193;4
"73";"Midi-Pyrénées";"31";"Haute-Garonne";"31555";"03155515M0014";6;"2015-11-19";"2016-12-28";"2018-01-12";2015;"2015-07";"2015-11";"2016-12";"2018-01";;;;;;"31200";"TOULOUSE";"false";;;"IMPASSE VICENTE LOPEZ-TOVA";"ZAC TIBAOUS";"TOULOUSE";"31";"AM";"518";"AM";"519";"AN";"479";28019;4
"73";"Midi-Pyrénées";"31";"Haute-Garonne";"31555";"03155515M0016";2;"2015-11-05";;;2015;"2015-11";"2015-11";;"2015-11";;;;;;"31470";"ST LYS";"false";"44";;"CHE SALINIE";;"TOULOUSE";"31";"BB";"167";"BB";"397";"BB";"398";1380;4
"73";"Midi-Pyrénées";"31";"Haute-Garonne";"31555";"03155515M0018";4;"2015-12-22";"2018-02-15";;2015;"2015-12";"2015-12";"2018-02";"2020-09";"41.10A";5599;"BOUYGUES IMMOBILIER";"562091546";;"31000";"TOULOUSE";"true";"5";"RUE";"PAULIN TALABOT";;"TOULOUSE";"31000";"AD";"2";;;;;29197;4
"73";"Midi-Pyrénées";"31";"Haute-Garonne";"31555";"03155515M0019";6;"2016-01-21";"2016-03-21";"2016-09-05";2015;"2015-10";"2016-01";"2016-09";"2016-09";;;;;;"31100";"TOULOUSE";"false";"77";;"CHE CANTO LAOUZETTO";;"TOULOUSE";"31";"AI";"23";"AI";"24";"AI";"25";3613;4
"73";"Midi-Pyrénées";"31";"Haute-Garonne";"31555";"03155515M0020";2;"2016-02-17";;;2015;"2015-11";"2016-02";;"2016-02";;;;;;"31200";"TOULOUSE";"false";"14";"RUE";"LOUBIAGUE";;"TOULOUSE";"31";"AS";"144";"AS";"146";"AS";"772";5230;4
"73";"Midi-Pyrénées";"31";"Haute-Garonne";"31555";"03155515M0021";2;"2016-03-22";;;2015;"2015-12";"2016-03";;"2016-03";"84.11Z";7344;"TOULOUSE METROPOLE";"243100518";"24310051800170";"31505";"TOULOUSE CEDEX 05";"false";;"ALLEE";"DE BARCELONE";;"TOULOUSE";"31";"AC";"97";;;;;790;4
"73";"Midi-Pyrénées";"31";"Haute-Garonne";"31555";"03155516A0006";2;"2016-08-10";;;2016;"2016-04";"2016-08";;"2016-08";"86.10Z";7364;"HOTEL DIEU SAINT JACQUES";"263100125";"26310012500016";;;"false";"2";"PL";"BAYLAC";"TSA 80035";"TOULOUSE";"31000";"AO";"10";;;;;0;4
"73";"Midi-Pyrénées";"31";"Haute-Garonne";"31555";"03155516A0241";2;"2016-07-12";;;2016;"2016-04";"2016-07";;"2016-07";"85.42Z";7383;"INSTITUT NATIONAL DES SCIENCES APPLIQUEES DE TOULOUSE";"193101524";"19310152400018";"31000";"TOULOUSE";"false";"135";"AV";"DE RANGUEIL";;"TOULOUSE";"31000";"BA";"18";;;;;0;4
"73";"Midi-Pyrénées";"31";"Haute-Garonne";"31555";"03155516M0003";2;"2016-04-25";;;2016;"2016-02";"2016-04";;"2016-04";"84.11Z";7344;"TOULOUSE METROPOLE";"243100518";"24310051800170";"31505";"TOULOUSE CEDEX 05";"false";;"BD";"DE STRASBOURG";;"TOULOUSE";"31000";"AB";"647";;;;;662;4
"73";"Midi-Pyrénées";"31";"Haute-Garonne";"31555";"03155516M0004";2;"2016-04-25";;;2016;"2016-02";"2016-04";;"2016-04";"84.11Z";7344;"TOULOUSE METROPOLE";"243100518";"24310051800170";"31505";"TOULOUSE CEDEX 05";"false";;"RUE";"GAMBETTA";"PLACE DE LA DAURADE";"TOULOUSE";"31000";"AB";"708";;;;;5269;4
"73";"Midi-Pyrénées";"31";"Haute-Garonne";"31555";"03155516M0005";2;"2016-04-25";;;2016;"2016-02";"2016-04";;"2016-04";"84.11Z";7344;"TOULOUSE METROPOLE";"243100518";"24310051800170";"31505";"TOULOUSE CEDEX 05";"false";;"RUE";"DES LOIS";;"TOULOUSE";"31000";"AD";"128";;;;;190;4
"73";"Midi-Pyrénées";"31";"Haute-Garonne";"31555";"03155516M0007";5;"2016-06-02";"2018-05-02";;2016;"2016-03";"2016-06";"2018-05";"2018-05";;;;;;"31400";"TOULOUSE";"false";"28";;"RUE DE L'AUDE";;"TOULOUSE";"31";"AX";"101";"AX";"102";"AX";"107";43186;4
"73";"Midi-Pyrénées";"31";"Haute-Garonne";"31555";"03155516M0008";2;"2016-06-27";;;2016;"2016-04";"2016-06";;"2016-06";;;;;;"31100";"TOULOUSE";"false";"46";;"CHE DU CALQUET";;"TOULOUSE";"31";"BH";"130";;;;;8375;4
"73";"Midi-Pyrénées";"31";"Haute-Garonne";"31555";"03155516M0009";6;"2016-11-03";"2018-03-03";"2020-10-30";2016;"2016-04";"2016-11";"2020-10";"2020-10";;;;;;"33525";"BRUGES CEDEX";"true";;;"RUE ARSENE D'ARSONVAL ET R";;"TOULOUSE";"31200";"AL";"116";"AL";"118";"AL";"119";18242;4
"73";"Midi-Pyrénées";"31";"Haute-Garonne";"31555";"03155516M0011";2;"2017-06-21";;;2016;"2016-06";"2017-06";;"2017-06";"84.11Z";7210;"COMMUNE DE TOULOUSE";"213105554";"21310555400017";"31000";"TOULOUSE";"false";;"BD";"PIERRE SEMARD";;"TOULOUSE";"31000";"AB";"71";;;;;180;4
"73";"Midi-Pyrénées";"31";"Haute-Garonne";"31555";"03155516M0012";6;"2016-09-14";"2017-03-13";"2017-05-11";2016;"2016-06";"2016-09";"2017-03";"2017-05";;;;;;"31770";"COLOMIERS";"false";"40";"CH";"DE LA BOURIETTE";;"TOULOUSE";"31000";"AN";"165";;;;;1765;4
"73";"Midi-Pyrénées";"31";"Haute-Garonne";"31555";"03155516M0013";2;"2016-07-27";;;2016;"2016-06";"2016-07";;"2016-07";"84.11Z";7210;"COMMUNE DE TOULOUSE";"213105554";"21310555400017";"31000";"TOULOUSE";"false";"26";"RUE";"DU CHER";;"TOULOUSE";"31000";"BC";"13";"BC";"72";;;19014;4
"73";"Midi-Pyrénées";"31";"Haute-Garonne";"31555";"03155516M0014";5;"2016-09-26";"2017-09-15";;2016;"2016-07";"2016-09";"2017-09";"2017-09";;;;;;"31000";"TOULOUSE";"false";"27";"CH";"DE BASSO CAMBO";;"TOULOUSE";"31000";"AS";"57";"AS";"58";"AS";"59";4083;4
"73";"Midi-Pyrénées";"31";"Haute-Garonne";"31555";"03155516M0016";6;"2016-10-27";"2018-08-02";"2018-12-28";2016;"2016-07";"2016-10";"2018-08";"2018-12";;;;;;"31100";"TOULOUSE";"false";"322";"AV";"DE LARDENNE";;"TOULOUSE";"31000";"AH";"19";"AH";"22";"AH";"23";3556;4
"73";"Midi-Pyrénées";"31";"Haute-Garonne";"31555";"03155516M0019";2;"2017-01-06";;;2016;"2016-08";"2017-01";;"2017-01";;;;;;"31000";"TOULOUSE";"true";;"AV";"JEAN CHAUBET";;"TOULOUSE";"31000";"AB";"106";"AB";"138";"AB";"167";18534;4
"73";"Midi-Pyrénées";"31";"Haute-Garonne";"31555";"03155516M0020";4;"2017-01-19";;;2016;"2016-08";"2017-01";;"2020-01";"68.32A";5710;"ACANTYS IMMOBILIER";"440309821";"44030982100062";"31132";"CS 83247 BALMA CEDEX";"true";"76";"CH";"DE TOURNEFEUILLE";;"TOULOUSE";"31000";"AR";"35";"AR";"37";"AR";"39";43553;4
"73";"Midi-Pyrénées";"31";"Haute-Garonne";"31555";"03155516M0021";6;"2017-02-07";"2018-03-01";"2018-06-06";2016;"2016-10";"2017-02";"2018-03";"2018-06";;;;;;"31100";"TOULOUSE";"false";"60";"RUE";"FERRO LEBRES";;"TOULOUSE";"31000";"BA";"139";"BA";"223";;;161;4
"73";"Midi-Pyrénées";"31";"Haute-Garonne";"31555";"03155516M0022";6;"2017-01-09";"2017-01-09";"2017-01-16";2016;"2016-11";"2017-01";"2017-01";"2017-01";;;;;;"31100";"TOULOUSE";"false";"105";"CH";"CANTO LAOUZETTO";;"TOULOUSE";"31000";"AI";"10";"AI";"293";"AI";"294";825;4
"73";"Midi-Pyrénées";"31";"Haute-Garonne";"31555";"03155516M0023";2;"2017-03-13";;;2016;"2016-12";"2017-03";;"2017-03";;;;;;"31000";"TOULOUSE";"false";;"AV";"JAMES CLERCK MAXWEL";;"TOULOUSE";"31000";"AH";"45";"AH";"58";"AH";"59";159919;4
"73";"Midi-Pyrénées";"31";"Haute-Garonne";"31555";"03155516M0024";5;"2017-03-22";"2018-11-12";;2016;"2016-12";"2017-03";"2018-11";"2018-11";"68.20B";5710;"SAS TOULOUSE ARENES";"814795779";"81479577900010";"31200";"TOULOUSE";"false";"395";"ROUTE";"DE SAINT SIMON";;"TOULOUSE";"31000";"AE";"187";"AE";"188";"AE";"189";23204;4
"73";"Midi-Pyrénées";"31";"Haute-Garonne";"31555";"03155517A0001";6;"2017-05-04";"2017-06-01";"2018-02-09";2017;"2017-01";"2017-05";"2019-03";"2019-03";"52.21Z";5710;"EFFIA CONCESSIONS";"387921281";"38792128101365";"75012";"PARIS";"false";;;"BOULEVARD SEMARD";"GARE MATABIAU";"TOULOUSE";"31000";"94";"806";;;;;0;4
"73";"Midi-Pyrénées";"31";"Haute-Garonne";"31555";"03155517M0001";6;"2017-01-12";"2017-09-04";"2018-02-09";2017;"2017-01";"2017-01";"2017-09";"2018-02";"52.21Z";5710;"EFFIA CONCESSIONS";"387921281";"38792128101365";"75012";"PARIS 12EME ARRONDISSEMENT";"false";;"BD";"PIERRE SEMARD";;"TOULOUSE";"31000";"AB";"94";;;;;125561;4
"73";"Midi-Pyrénées";"31";"Haute-Garonne";"31555";"03155517M0002";2;"2017-04-26";;;2017;"2017-01";"2017-04";;"2017-04";;;;;;"81600";"MONTANS";"true";"13";"RUE";"ANDRE VILLET";;"TOULOUSE";"31000";"AT";"123";"AY";"122";;;3846;4
"73";"Midi-Pyrénées";"31";"Haute-Garonne";"31555";"03155517M0003";5;"2017-04-19";"2017-12-14";;2017;"2017-01";"2017-04";"2017-12";"2017-12";"41.10D";6541;"SCI LA SOURCE DE LILHAC";"827896655";"82789665500012";"31132";"BALMA";"false";"76";"CH";"DE TOURNEFEUILLE";;"TOULOUSE";"31000";"AR";"35";"AR";"37";"AR";"39";43553;4
"73";"Midi-Pyrénées";"31";"Haute-Garonne";"31555";"03155517M0004";5;"2017-03-22";"2021-02-01";;2017;"2017-02";"2017-03";"2021-02";"2021-02";;;;;;"31000";"TOULOUSE";"false";;"CH";"DE CROIX BENITE";;"TOULOUSE";"31000";"AC";"443";"AC";"459";"AC";"84";8205;4
"73";"Midi-Pyrénées";"31";"Haute-Garonne";"31555";"03155517M0005";2;"2017-05-30";;;2017;"2017-05";"2017-05";;"2017-05";"84.11Z";7210;"COMMUNE DE TOULOUSE";"213105554";"21310555400017";"31000";"TOULOUSE";"false";;"AV";"JEAN BAYLET";;"TOULOUSE";"31000";"AW";"128";"AW";"130";;;14627;4
"73";"Midi-Pyrénées";"31";"Haute-Garonne";"31555";"03155517M0006";2;"2017-05-18";;;2017;"2017-03";"2017-05";;"2017-05";"84.11Z";7344;"TOULOUSE METROPOLE";"243100518";"24310051800170";"31505";"TOULOUSE CEDEX 5";"false";"2";"PLACE";"DU SALIN";;"TOULOUSE";"31000";"AB";"5";;;;;2060;4
"73";"Midi-Pyrénées";"31";"Haute-Garonne";"31555";"03155517M0007";2;"2017-05-11";;;2017;"2017-03";"2017-05";;"2017-05";"84.11Z";7344;"TOULOUSE METROPOLE";"243100518";"24310051800170";"31505";"TOULOUSE CEDEX 05";"false";;"ALLEE";"JEAN JAURES";;"TOULOUSE";"31000";"AB";"2";;;;;153;4
"73";"Midi-Pyrénées";"31";"Haute-Garonne";"31555";"03155517M0008";5;"2017-06-07";"2017-10-10";;2017;"2017-03";"2017-06";"2017-10";"2017-10";"41.10D";5202;"SNC DEGIOANNI ET CIE";"334066248";"33406624800025";"31120";"PORTET SUR GARONNE";"false";;"CH";"DE LICARD";;"TOULOUSE";"31000";"AY";"205";"AY";"206";;;2314;4
"73";"Midi-Pyrénées";"31";"Haute-Garonne";"31555";"03155517M0009";4;"2017-06-28";;;2017;"2017-03";"2017-06";;"2017-10";;;;;;"31100";"TOULOUSE";"true";"100";"CH";"DES CAPELLES";;"TOULOUSE";"31000";"BL";"220";;;;;1562;4
"73";"Midi-Pyrénées";"31";"Haute-Garonne";"31555";"03155517M0011";2;"2017-09-11";;;2017;"2017-06";"2017-09";;"2017-09";"84.11Z";7344;"TOULOUSE METROPOLE";"243100518";"24310051800063";"31505";"TOULOUSE CEDEX 05";"false";;"PLACE";"SAINT SERNIN";;"TOULOUSE";"31000";"AB";"182";;;;;611;4
"73";"Midi-Pyrénées";"31";"Haute-Garonne";"31555";"03155517M0012";6;"2017-07-28";"2017-09-28";"2018-02-16";2017;"2017-08";"2017-08";"2018-02";"2018-02";;;;;;"31000";"TOULOUSE";"false";"10";"RUE";"DU COLONEL TOUSSAINT";;"TOULOUSE";"31000";"AE";"247";;;;;434;4
"73";"Midi-Pyrénées";"31";"Haute-Garonne";"31555";"03155517M0014";2;"2017-09-26";;;2017;"2017-08";"2017-09";;"2017-09";"84.11Z";7344;"TOULOUSE METROPOLE";"243100518";"24310051800063";"31505";"TOULOUSE CEDEX 05";"false";;"PLACE";"VICTOR HUGO";;"TOULOUSE";"31000";"AB";"21";;;;;3590;4
"73";"Midi-Pyrénées";"31";"Haute-Garonne";"31555";"03155517M0015";5;"2018-04-25";"2019-09-16";;2017;"2017-08";"2018-04";"2019-09";"2019-09";;;;;;"31000";"TOULOUSE";"false";"134";"AV";"DU GENERAL EISENHOWER";;"TOULOUSE";"31000";"AH";"125";"AH";"126";"AH";"127";207547;4
"73";"Midi-Pyrénées";"31";"Haute-Garonne";"31555";"03155517M0016";6;"2017-09-21";"2018-02-21";"2019-02-19";2017;"2017-08";"2017-09";"2019-02";"2019-02";"41.10A";5710;"SAS FRAFIN";"428947568";;"31000";"TOULOUSE";"false";"20";"AV";"DIDIER DAURAT";;"TOULOUSE";"31000";"AN";"106";"AN";"108";;;13958;4
"73";"Midi-Pyrénées";"31";"Haute-Garonne";"31555";"03155517M0018";6;"2017-12-20";"2018-03-27";"2018-05-18";2017;"2017-10";"2017-12";"2018-03";"2018-05";;;;;;"81000";"ALBI";"false";"57";"RUE";"DES VIGNES";;"TOULOUSE";"31000";"BE";"20";;;;;1721;4
"73";"Midi-Pyrénées";"31";"Haute-Garonne";"31555";"03155517M0020";2;"2018-05-31";;;2017;"2017-12";"2018-05";;"2018-05";;;;;;"31030";"TOULOUSE";"false";"254";"ROUTE";"DE REVEL";;"TOULOUSE";"31000";"AR";"134";"AR";"48";"AR";"49";15510;4
"73";"Midi-Pyrénées";"31";"Haute-Garonne";"31555";"03155518A0003";2;"2018-06-01";;;2018;"2018-04";"2018-06";;"2018-06";"35.11Z";5710;"URBA 152";"824040786";"82404078600017";;;"false";;;"AVENUE DE CASSELARDIT";;"TOULOUSE";"31000";"AN";"45";;;;;0;4
"73";"Midi-Pyrénées";"31";"Haute-Garonne";"31555";"03155518A0006";2;"2018-07-30";;;2018;"2018-05";"2018-07";;"2018-07";"85.42Z";7383;"COMMUNAUTE D'UNIVERSITES ET ETABLISSEMENTS DE TOULOUSE";"130021322";"13002132200016";;;"false";"3";;"RUE CAROLINE D AIGLE";"LOUBET";"TOULOUSE";"31000";;;;;;;0;4
"73";"Midi-Pyrénées";"31";"Haute-Garonne";"31555";"03155518A0013";2;"2019-01-09";;;2018;"2018-10";"2019-01";;"2019-01";"84.11Z";7344;"TOULOUSE METROPOLE";"243100518";"24310051800170";"31500";"TOULOUSE";"false";;;"QUAI SAINT PIERRE";;"TOULOUSE";"31000";;;;;;;0;4
"73";"Midi-Pyrénées";"31";"Haute-Garonne";"31555";"03155518M0002";2;"2018-05-31";;;2018;"2018-03";"2018-05";;"2018-05";;;;;;"31300";"TOULOUSE";"false";"199";"CH";"DE TOURNEFEUILLE";"LIEU DIT SAINT MARTIN DU TOUCH";"TOULOUSE";"31000";"AN";"51";;;;;11298;4
"73";"Midi-Pyrénées";"31";"Haute-Garonne";"31555";"03155518M0003";5;"2018-04-04";"2021-01-06";;2018;"2018-03";"2018-03";"2021-01";"2021-01";"35.11Z";5710;"URBA 152";"824040786";"82404078600017";"34961";"MONTPELLIER";"false";;;"AVENUE DE CASSELARDIT";;"TOULOUSE";"31000";"AN";"45";;;;;27400;4
"73";"Midi-Pyrénées";"31";"Haute-Garonne";"31555";"03155518M0004";5;"2018-08-29";"2018-10-01";;2018;"2018-04";"2018-08";"2018-10";"2018-10";"70.10Z";5599;"SOCIETE PUBLIQUE LOCALE MIDI-PYRENEES CONSTRUCTION";"533969457";"53396945700019";"31086";"TOULOUSE CEDEX 6";"false";"32";"RUE";"MATHALY";;"TOULOUSE";"31000";"AW";"321";"AW";"322";"AW";"323";24428;4
"73";"Midi-Pyrénées";"31";"Haute-Garonne";"31555";"03155518M0005";6;"2018-07-12";"2019-03-12";"2020-07-06";2018;"2018-05";"2018-07";"2020-07";"2020-07";;;;;;"31505";"TOULOUSE";"false";;"RUE";"ALAIN FOURNIER";;"TOULOUSE";"31000";"AN";"112";"AN";"127";"AN";"128";16538;4
"73";"Midi-Pyrénées";"31";"Haute-Garonne";"31555";"03155518M0006";2;"2018-08-03";;;2018;"2018-05";"2018-08";;"2018-08";"85.42Z";7383;"COMMUNAUTE D'UNIVERSITES ET ETABLISSEMENTS DE TOULOUSE";"130021322";"13002132200016";"31013";"TOULOUSE CEDEX 06";"true";"3";"RUE";"CAROLINE DAIGLE";;"TOULOUSE";"31000";"BC";"131";"BC";"134";"BC";"136";57024;4
"73";"Midi-Pyrénées";"31";"Haute-Garonne";"31555";"03155518M0007";4;"2019-01-16";;;2018;"2018-06";"2019-01";;"2020-08";"43.99C";5710;"TEKNOBAT";"513892729";"51389272900049";"31670";"LABEGE";"false";"3";"RUE";"JULES RAIMU";;"TOULOUSE";"31000";"AD";"237";"AD";"270";"AD";"359";4031;4
"73";"Midi-Pyrénées";"31";"Haute-Garonne";"31555";"03155518M0008";5;"2018-11-22";"2019-03-04";;2018;"2018-06";"2018-11";"2019-03";"2019-03";;;;;;"31180";"ROUFFIAC TOLOSAN";"false";;"RUE";"LOUIS COURTOIS DE VICO";;"TOULOUSE";"31000";"AH";"122";"AH";"123";"AH";"125";18554;4
"73";"Midi-Pyrénées";"31";"Haute-Garonne";"31555";"03155518M0009";2;"2018-09-24";;;2018;"2018-07";"2018-09";;"2018-09";;;;;;"31505";"TOULOUSE CEDEX 5";"false";;"QUAI";"DE LA DAURADE";;"TOULOUSE";"31000";;;;;;;0;4
"73";"Midi-Pyrénées";"31";"Haute-Garonne";"31555";"03155518M0010";6;"2018-11-28";"2019-03-28";"2019-11-15";2018;"2018-08";"2018-11";"2019-11";"2019-11";;;;;;"31200";"TOULOUSE";"false";"10";"RUE";"JEAN MICOUD";;"TOULOUSE";"31000";"AB";"706";;;;;1220;4
"73";"Midi-Pyrénées";"31";"Haute-Garonne";"31555";"03155518M0011";6;"2018-11-06";"2019-06-13";"2019-08-01";2018;"2018-08";"2018-11";"2019-06";"2019-08";;;;;;"31100";"TOULOUSE";"false";"181BI";"AV";"DE LARDENNE";;"TOULOUSE";"31000";"BC";"135";"BC";"136";"BC";"137";4672;4
"73";"Midi-Pyrénées";"31";"Haute-Garonne";"31555";"03155518M0012";2;"2018-12-17";;;2018;"2018-09";"2018-12";;"2018-12";;;;;;"31400";"TOULOUSE";"false";"42";"RUE";"CAPUS";;"TOULOUSE";"31000";"AB";"234";;;;;375;4
"73";"Midi-Pyrénées";"31";"Haute-Garonne";"31555";"03155518M0013";2;"2018-12-04";;;2018;"2018-10";"2018-12";;"2018-12";;;;;;"31505";"TOULOUSE CEDEX 05";"false";;"QUAI";"SAINT PIERRE";;"TOULOUSE";"31000";;;;;;;0;4
"73";"Midi-Pyrénées";"31";"Haute-Garonne";"31555";"03155518M0014";2;"2019-01-09";;;2018;"2018-10";"2019-01";;"2019-01";;;;;;"31402";"TOULOUSE";"false";;"RUE";"SAINT LOUIS DU SENEGAL";;"TOULOUSE";"31000";"AV";"128";"AV";"130";;;15298;4
"73";"Midi-Pyrénées";"31";"Haute-Garonne";"31555";"03155518M0015";2;"2019-03-21";;;2018;"2018-10";"2019-03";;"2019-03";;;;;;"31011";"TOULOUSE CEDEX 06";"false";"103";"RUE";"EDMOND ROSTAND";;"TOULOUSE";"31000";"AY";"1187";"AY";"1189";"AY";"1278";6707;4
"73";"Midi-Pyrénées";"31";"Haute-Garonne";"31555";"03155518M0017";2;"2019-05-16";;;2018;"2018-12";"2019-05";;"2019-05";"92.00Z";5710;"SOCIETE TOURISTIQUE DE L'ILE DU RAMIER";"481705275";"48170527500032";"31030";"TOULOUSE CEDEX 04";"true";"18";"CH";"DE LA LOGE";;"TOULOUSE";"31000";"AM";"20";;;;;70537;4
"73";"Midi-Pyrénées";"31";"Haute-Garonne";"31555";"03155518M0018";4;"2019-11-26";;;2018;"2018-12";"2019-11";;"2021-11";;;;;;"66120";"FONT ROMEU";"true";;"CH";"DE FENOUILLET";;"TOULOUSE";"31000";"BD";"11";;;;;58166;4
"73";"Midi-Pyrénées";"31";"Haute-Garonne";"31555";"03155518M0019";6;"2019-03-11";"2021-03-15";"2021-05-05";2018;"2018-12";"2019-03";"2021-03";"2021-05";;;;;;"31700";"BLAGNAC";"false";"21";"CH";"CANTO LAOUZETTO";;"TOULOUSE";"31000";"AR";"66";;;;;2721;4
"73";"Midi-Pyrénées";"31";"Haute-Garonne";"31555";"03155519A0008";2;"2019-12-03";;;2019;"2019-08";"2020-01";;"2020-01";"41.10D";6541;"SCCV VISTA VERDE";"843693144";"84369314400019";"31200";"TOULOUSE";"false";"224";;"AVENUE DE CASSELARDIT";;"TOULOUSE";"31000";;;;;;;0;4
"73";"Midi-Pyrénées";"31";"Haute-Garonne";"31555";"03155519M0001";2;"2019-02-21";;;2019;"2019-01";"2019-02";;"2019-02";"68.10Z";5710;"HUIT PROMOTION";"841295595";"84129559500018";"31270";"VILLENEUVE TOLOSANE";"true";"50";"CH";"DU CALQUET";;"TOULOUSE";"31000";"BH";"82";"BH";"83";;;4000;4
"73";"Midi-Pyrénées";"31";"Haute-Garonne";"31555";"03155519M0002";2;"2019-02-13";;;2019;"2019-01";"2019-02";;"2019-02";;;;;;"31500";"TOULOUSE";"false";"160";"AV";"RAYMOND NAVES / RUE JUL";;"TOULOUSE";"31000";"AC";"101";"AC";"102";"AC";"103";14521;4
"73";"Midi-Pyrénées";"31";"Haute-Garonne";"31555";"03155519M0003";2;"2019-04-29";;;2019;"2019-01";"2019-04";;"2019-04";;;;;;"31470";"ST LYS";"false";"14 BI";"CH";"DU CALQUET";;"TOULOUSE";"31000";"BE";"96";;;;;1260;4
"73";"Midi-Pyrénées";"31";"Haute-Garonne";"31555";"03155519M0004";2;"2019-05-20";;;2019;"2019-01";"2019-05";;"2019-05";;;;;;"31200";"TOULOUSE";"false";"32";"CH";"DE LANUSSE";;"TOULOUSE";"31000";"AK";"270";"AK";"80";;;1214;4
"73";"Midi-Pyrénées";"31";"Haute-Garonne";"31555";"03155519M0005";2;"2019-07-10";;;2019;"2019-04";"2019-07";;"2019-07";;;;;;"31100";"TOULOUSE";"false";;;"RUE DU PRILLOUME";;"TOULOUSE";"31";"AS";"110";"AS";"111";"AS";"112";11915;4
"73";"Midi-Pyrénées";"31";"Haute-Garonne";"31555";"03155519M0007";2;"2019-07-16";;;2019;"2019-06";"2019-07";;"2019-07";;;;;;"31505";"TOULOUSE CEDEX 05";"false";;;"RUE D'ALSACE LORRAINE";;"TOULOUSE";"31";"AB";"10";;;;;221;4
"73";"Midi-Pyrénées";"31";"Haute-Garonne";"31555";"03155519M0008";2;"2019-09-24";;;2019;"2019-07";"2019-09";;"2019-09";;;;;;"31200";"TOULOUSE";"true";"224";"AV";"DE CASSELARDIT";;"TOULOUSE";"31000";"AM";"16";;;;;97;4
"73";"Midi-Pyrénées";"31";"Haute-Garonne";"31555";"03155519M0009";4;"2019-10-24";;;2019;"2019-07";"2019-10";;"2020-09";;;;;;"31750";"ESCALQUENS";"false";"45";"CH";"DU LOUP";;"TOULOUSE";"31998";"AM";"133";;;;;5200;4
"73";"Midi-Pyrénées";"31";"Haute-Garonne";"31555";"03155519M0010";2;"2019-10-22";;;2019;"2019-08";"2019-10";;"2019-10";"68.10Z";5710;"CAPAY";"487544579";"48754457900013";"65200";"POUZAC";"true";"4";"RUE";"DU GORP";;"TOULOUSE";"31000";"AC";"103";;;;;201;4
"73";"Midi-Pyrénées";"31";"Haute-Garonne";"31555";"03155519M0013";2;"2020-02-25";;;2019;"2019-10";"2020-02";;"2020-02";;;;;;"31000";"TOULOUSE";"true";"26";"CH";"DU CARRELOT";;"TOULOUSE";"31000";"AY";"21";;;;;4235;4
"73";"Midi-Pyrénées";"31";"Haute-Garonne";"31555";"03155519M0014";2;"2020-03-11";;;2019;"2019-10";"2020-03";;"2020-03";;;;;;"31004";"TOULOUSE";"true";;;"AVENUE IRENE JOLIOT CURIE";"SITE DE L ONCOPOLE";"TOULOUSE";"31";"BY";"40";"BY";"41";"BY";"56";186912;4
"73";"Midi-Pyrénées";"31";"Haute-Garonne";"31555";"03155519M0015";2;"2020-07-02";;;2019;"2019-12";"2020-07";;"2020-07";;;;;;"33600";"PESSAC";"true";"113";;"RTE DE LABEGE";;"TOULOUSE";"31000";"AO";"121";"AO";"122";"AO";"13";10118;4
"73";"Midi-Pyrénées";"31";"Haute-Garonne";"31555";"03155519M0016";2;"2020-05-25";;;2019;"2019-12";"2020-05";;"2020-05";"41.10A";5710;"BOUYGUES IMMOBILIER";"562091546";"56209154601512";"31300";"TOULOUSE";"true";"5";;"RUE PAULIN TALABOT";;"TOULOUSE";"31";"AD";"2";;;;;29197;4
"73";"Midi-Pyrénées";"31";"Haute-Garonne";"31555";"03155520M0001";2;"2020-06-04";;;2020;"2020-02";"2020-06";;"2020-06";;;;;;"31170";"TOURNEFEUILLE";"false";"30";;"ALL DES VITARELLES";;"TOULOUSE";"31";"AX";"180";"AX";"181";;;2536;4
"73";"Midi-Pyrénées";"31";"Haute-Garonne";"31555";"03155520M0002";2;"2020-08-03";;;2020;"2020-03";"2020-08";;"2020-08";;;;;;"31082";"TOULOUSE CEDEX";"true";"6";"RUE";"DE BAGNOLET";;"TOULOUSE";"31000";"AE";"429";"AE";"431";"AO";"13";1208;4
"73";"Midi-Pyrénées";"31";"Haute-Garonne";"31555";"03155520M0003";2;"2020-09-16";;;2020;"2020-05";"2020-09";;"2020-09";;;;;;"31620";"CASTELNAU D ESTRETEFONDS";"false";"38";"AV";"JEAN DAGNAUX";;"TOULOUSE";"31200";"AC";"374";;;;;333;4
"73";"Midi-Pyrénées";"31";"Haute-Garonne";"31555";"03155520M0004";2;"2020-10-12";;;2020;"2020-06";"2020-10";;"2020-10";;;;;;"31470";"ST LYS";"false";"45";"ALLEE";"DES VITARELLES";;"TOULOUSE";"31000";"AX";"97";;;;;1399;4
"73";"Midi-Pyrénées";"31";"Haute-Garonne";"31555";"03155520M0005";2;"2020-08-13";;;2020;"2020-07";"2020-08";;"2020-08";"41.10A";5202;"SNC TOULOUSE ST SIMON";"882324858";"88232485800019";"31000";"TOULOUSE";"false";"98";"CH";"CANTO LAOUZETTO";;"TOULOUSE";"31000";"AK";"79P";"AK";"81";;;6470;4
"73";"Midi-Pyrénées";"31";"Haute-Garonne";"31555";"03155520M0006";6;"2020-10-19";"2021-02-19";"2021-11-22";2020;"2020-07";"2020-10";"2021-11";"2021-11";;;;;;"31000";"TOULOUSE";"false";"3";"AV";"DU PARC";;"TOULOUSE";"31500";"AE";"208";"AE";"356";;;2366;4
"73";"Midi-Pyrénées";"31";"Haute-Garonne";"31555";"03155520M0007";6;"2020-11-09";"2021-01-09";"2021-05-05";2020;"2020-08";"2020-11";"2021-05";"2021-05";"68.10Z";5710;"GB IMMO";"884933847";"88493384700011";"31650";"ST ORENS DE GAMEVILLE";"false";"19";;"CHE VOUET";;"TOULOUSE";"31100";"BE";"110";"BE";"111";;;2266;4
"73";"Midi-Pyrénées";"31";"Haute-Garonne";"31555";"03155520M0009";2;"2021-02-10";;;2020;"2020-09";"2021-02";;"2021-02";"68.10Z";5710;"DG PROMOTION ET AMENAGEMENT";"893398404";"89339840400010";"31520";"RAMONVILLE ST AGNE";"false";"12";"RUE";"HENRI DE SAHUQUE";;"TOULOUSE";"31400";"AE";"308";;;;;669;4
"73";"Midi-Pyrénées";"31";"Haute-Garonne";"31555";"03155520M0011";2;"2021-03-11";;;2020;"2020-12";"2021-03";;"2021-03";;;;;;"31000";"TOULOUSE";"true";"26";"CH";"DU CARRELOT";;"TOULOUSE";"31000";"AY";"21";"AY";"449";;;4235;4
"73";"Midi-Pyrénées";"31";"Haute-Garonne";"31555";"03155521M0001";2;"2021-03-29";;;2021;"2021-02";"2021-03";;"2021-03";;;;;;"31470";"ST LYS";"false";"45";"ALLEE";"DES VITARELLES";;"TOULOUSE";"31000";"AX";"97";"AX";"98";;;2890;4
"73";"Midi-Pyrénées";"31";"Haute-Garonne";"31555";"03155521M0002";2;"2021-03-24";;;2021;"2021-02";"2021-03";;"2021-03";;;;;;"31000";"TOULOUSE";"false";"27";"RUE";"DE LA GRAVETTE";;"TOULOUSE";"31300";"AM";"144";;;;;1390;4
"73";"Midi-Pyrénées";"31";"Haute-Garonne";"31555";"03155521M0003";2;"2021-05-26";;;2021;"2021-03";"2021-05";;"2021-05";;;;;;"09200";"ST GIRONS";"false";"26";"CH";"DU LOUP";;"TOULOUSE";"31100";"AM";"450";;;;;2025;4
"73";"Midi-Pyrénées";"31";"Haute-Garonne";"31555";"03155521M0004";6;"2021-06-23";"2021-09-23";"2022-03-11";2021;"2021-03";"2021-06";"2022-03";"2022-03";;;;;;"31100";"TOULOUSE";"false";"12 B";"RUE";"ANTOINE BAYES";;"TOULOUSE";"31100";"AW";"93";;;;;2313;4
"73";"Midi-Pyrénées";"31";"Haute-Garonne";"31555";"03155521M0005";2;"2021-06-23";;;2021;"2021-04";"2021-06";;"2021-06";;;;;;"31600";"EAUNES";"true";"26";"RUE";"DES SAULES";;"TOULOUSE";"31400";"AD";"142";;;;;1136;4
"73";"Midi-Pyrénées";"31";"Haute-Garonne";"31555";"03155521M0007";2;"2021-06-14";;;2021;"2021-06";"2021-06";;"2021-06";"41.10D";6541;"RESIDENCE ARISTOTE";"904084589";"90408458900012";"31000";"TOULOUSE";"false";"21";"CH";"DE LA PELUDE";;"TOULOUSE";"31400";"AH";"393";"AH";"395";"AH";"396";5281;4
"73";"Midi-Pyrénées";"31";"Haute-Garonne";"31555";"03155521M0008";6;"2021-08-30";"2021-09-30";"2021-11-01";2021;"2021-06";"2021-08";"2021-11";"2021-11";"68.10Z";5710;"ONE PROMOTION";"833438971";"83343897100016";"31470";"FONSORBES";"false";"117";"ROUTE";"DE BLAGNAC";;"TOULOUSE";"31200";"AP";"51";"AP";"52";;;1441;4
"73";"Midi-Pyrénées";"31";"Haute-Garonne";"31555";"03155521M0010";6;"2021-10-06";"2021-10-06";"2021-10-08";2021;"2021-09";"2021-10";"2021-10";"2021-10";"68.20B";6540;"SCI SEVIG";"791922115";"79192211500013";"31400";"TOULOUSE";"false";"7 BIS";"RUE";"DU CANARD";;"TOULOUSE";"31000";"AB";"526";;;;;71;4
"73";"Midi-Pyrénées";"31";"Haute-Garonne";"31555";"03155521M0011";2;"2022-05-03";;;2021;"2021-10";"2022-05";;"2022-05";"71.12B";5710;"AIR LIGHT";"508775095";"50877509500013";"31530";"LEVIGNAC";"false";"59";"ALLEE";"DES VITARELLES";;"TOULOUSE";"31100";"AX";"128";"AX";"129";"AX";"130";1868;4
"73";"Midi-Pyrénées";"31";"Haute-Garonne";"31555";"03155521M0012";2;"2022-03-21";;;2021;"2021-10";"2022-03";;"2022-03";"41.10D";6541;"7 CHEMIN GRAMONT";"904630175";"90463017500019";"31000";"TOULOUSE";"false";"7";"CH";"DE GRAMONT";;"TOULOUSE";"31200";"AH";"103";"AH";"279";"AH";"281";8407;4
"73";"Midi-Pyrénées";"31";"Haute-Garonne";"31555";"03155521M0013";2;"2021-12-13";;;2021;"2021-11";"2021-12";;"2021-12";"68.20A";5699;"CDC HABITAT SOCIAL SOCIETE ANONYME D'HABITATIONS A LOYER MODERE";"552046484";"55204648400325";"33520";"BRUGES";"true";;"ALLEE";"EMILIE DU CHATELET";;"TOULOUSE";"31400";"AC";"80";;;;;1884;4
"73";"Midi-Pyrénées";"31";"Haute-Garonne";"31555";"03155522A0020";2;"2023-02-21";;;2022;"2022-10";"2023-03";;"2023-03";"49.10Z";5599;"SNCF VOYAGEURS";"519037584";"51903758408713";;;"false";"6";;"RUE MARIE CLAIRE DE CATELL";;"TOULOUSE";"31000";"AB";"38";"AB";"44";;;0;4
"73";"Midi-Pyrénées";"31";"Haute-Garonne";"31555";"03155522M0001";2;"2022-04-13";;;2022;"2022-01";"2022-04";;"2022-04";;;;;;"34000";"MONTPELLIER";"false";"59";"CH";"SALINIE";;"TOULOUSE";"31100";"BB";"432";"BB";"544";;;2783;4
"73";"Midi-Pyrénées";"31";"Haute-Garonne";"31555";"03155522M0002";6;"2022-06-01";"2023-04-01";"2024-12-17";2022;"2022-02";"2022-06";"2024-12";"2024-12";;;;;;"31200";"TOULOUSE";"false";;"RUE";"LABRUYERE";;"TOULOUSE";"31300";"AC";"100";"AC";"96";"AC";"98";2930;4
"73";"Midi-Pyrénées";"31";"Haute-Garonne";"31555";"03155522M0003";2;"2022-05-18";;;2022;"2022-02";"2022-05";;"2022-05";"84.11Z";7344;"TOULOUSE METROPOLE";"243100518";"24310051800170";"31500";"TOULOUSE";"false";;"RUE";"DE METZ";;"TOULOUSE";"31000";"AB";"178";;;;;10053;4
"73";"Midi-Pyrénées";"31";"Haute-Garonne";"31555";"03155522M0006";2;"2022-04-04";;;2022;"2022-03";"2022-04";;"2022-04";"71.11Z";5599;"EUROPOLIA";"528861685";"52886168500030";"31010";"TOULOUESE";"false";"6";"RUE";"MARIE-CLAIRE DE CATELL";;"TOULOUSE";"31000";"AB";"38";;;;;300422;4
"73";"Midi-Pyrénées";"31";"Haute-Garonne";"31555";"03155522M0007";2;"2022-06-01";;;2022;"2022-03";"2022-06";;"2022-06";"68.10Z";5710;"LUSSAN INVEST";"903547446";"90354744600018";"31100";"TOULOUSE";"false";"1";"RUE";"GEORGES OHNET";;"TOULOUSE";"31000";"AC";"1";"AC";"528";;;1023;4
"73";"Midi-Pyrénées";"31";"Haute-Garonne";"31555";"03155522M0008";2;"2022-04-11";;;2022;"2022-03";"2022-04";;"2022-04";;;;;;"31000";"TOULOUSE";"true";"14";"RUE";"JEAN D ALEMBERT";;"TOULOUSE";"31000";"BC";"172";;;;;0;4
"73";"Midi-Pyrénées";"31";"Haute-Garonne";"31555";"03155522M0011";2;"2022-08-11";;;2022;"2022-04";"2022-08";;"2022-08";;;;;;"31200";"TOULOUSE";"false";"23";"RUE";"DES AZALEES";;"TOULOUSE";"31200";"AR";"159";;;;;400;4
"73";"Midi-Pyrénées";"31";"Haute-Garonne";"31555";"03155522M0012";2;"2022-06-29";;;2022;"2022-05";"2022-06";;"2022-06";"94.20Z";8311;"COMITE SOCIAL ECONOMIQUE AIRBUS OPERATIONS TOULOUSE";"775581184";"77558118400030";"31027";"TOULOUSE";"false";"20";"CH";"DE GARRIC";;"TOULOUSE";"31200";"AO";"1";"AO";"2";"AO";"3";44736;4
"73";"Midi-Pyrénées";"31";"Haute-Garonne";"31555";"03155522M0013";6;"2022-08-20";"2023-02-16";"2024-06-25";2022;"2022-05";"2022-08";"2023-04";"2024-06";"66.30Z";5710;"ARIEGE PARTICIPATION";"410264386";"41026438600021";"31170";"TOURNEFEUILLE";"false";"39";"CH";"DE FLOU DE RIOUS";;"TOULOUSE";"31";"AW";"172";;;;;5183;4
"73";"Midi-Pyrénées";"31";"Haute-Garonne";"31555";"03155522M0014";5;"2022-09-15";"2023-01-03";;2022;"2022-06";"2022-09";"2023-01";"2023-01";"68.10Z";5710;"RL PATRIMOINE";"914543715";"91454371500017";"65330";"RECURT";"false";"82";"CH";"SALINIE";;"TOULOUSE";"31300";"BH";"103";;;;;3320;4
"73";"Midi-Pyrénées";"31";"Haute-Garonne";"31555";"03155522M0015";2;"2022-07-11";;;2022;"2022-06";"2022-07";;"2022-07";;;;;;"31200";"TOULOUSE";"false";"48";"RUE";"HENRI DE SAHUQUE";;"TOULOUSE";"31400";"AE";"60";;;;;505;4
"73";"Midi-Pyrénées";"31";"Haute-Garonne";"31555";"03155522M0016";6;"2022-09-19";"2023-05-19";"2024-10-01";2022;"2022-07";"2022-09";"2024-10";"2024-10";"68.10Z";5710;"A-VENIR";"891760886";"89176088600012";"31200";"TOULOUSE";"false";"57";"CH";"DE FLOU DE RIOUS";;"TOULOUSE";"31400";"AW";"131";"AW";"41";;;4209;4
"73";"Midi-Pyrénées";"31";"Haute-Garonne";"31555";"03155522M0017";2;"2022-10-26";;;2022;"2022-07";"2022-10";;"2022-10";"41.10C";5202;"SNC ICADE PROMOTION TERTIAIRE";"440233682";;"31000";"TOULOUSE";"true";;"ROUTE";"D'ESPAGNE";;"TOULOUSE";"31000";"BP";"18";"BP";"26";"BP";"27";71861;4
"73";"Midi-Pyrénées";"31";"Haute-Garonne";"31555";"03155522M0019";2;"2022-12-14";;;2022;"2022-09";"2022-12";;"2022-12";;;;;;"31100";"TOULOUSE";"false";"60";"CH";"SALINIE";;"TOULOUSE";"31400";"BB";"176";;;;;2095;4
"73";"Midi-Pyrénées";"31";"Haute-Garonne";"31555";"03155522M0020";5;"2022-10-30";"2023-05-30";;2022;"2022-09";"2023-05";"2023-05";"2023-05";"49.10Z";5599;"SNCF VOYAGEURS";"519037584";"51903758408713";"34000";"MONTPELLIER";"false";"6";;"RUE MARIE CLAIRE DE CATELL";;"TOULOUSE";"31000";"AB";"38";"AB";"44";;;302768;4
"73";"Midi-Pyrénées";"31";"Haute-Garonne";"31555";"03155522M0021";2;"2022-12-07";;;2022;"2022-10";"2022-12";;"2022-12";"41.10A";5499;"EURL VENTAJA IMMOBILIER PROMOTION PAR ABREVIATION EURL VIP";"488715616";"48871561600014";"31180";"CASTELMAUROU";"false";"45";"CH";"DE LA TERRASSE";;"TOULOUSE";"31000";"AX";"1";"AX";"459";"AX";"554";1358;4
"73";"Midi-Pyrénées";"31";"Haute-Garonne";"31555";"03155522M0022";2;"2022-11-28";;;2022;"2022-10";"2022-11";;"2022-11";"84.11Z";7344;"TOULOUSE METROPOLE";"243100518";"24310051800170";"31000";"TOULOUSE";"false";;"PLACE";"DE L EUROPE";;"TOULOUSE";"31000";"AB";"294";;;;;55895;4
"73";"Midi-Pyrénées";"31";"Haute-Garonne";"31555";"03155522M0023";2;"2023-02-06";;;2022;"2022-10";"2023-02";;"2023-02";;;;;;"31330";"MERVILLE";"true";"22";"RUE";"COLBERT";;"TOULOUSE";"31400";"AB";"181";"AB";"182";;;554;4
"73";"Midi-Pyrénées";"31";"Haute-Garonne";"31555";"03155522M0025";2;"2023-01-16";;;2022;"2022-11";"2023-01";;"2023-01";"84.11Z";7344;"TOULOUSE METROPOLE";"243100518";"24310051800170";"31505";"TOULOUSE";"false";;;"ESQUIROL";"METZ  PONT NEUF  REPUBLIQUE";"TOULOUSE";"31000";"AB";"82";"AE";"34";;;257;4
"73";"Midi-Pyrénées";"31";"Haute-Garonne";"31555";"03155522M0026";2;"2023-02-01";;;2022;"2022-11";"2023-02";;"2023-02";"84.11Z";7344;"TOULOUSE METROPOLE";"243100518";"24310051800170";"31505";"TOULOUSE";"false";;"QUAI";"DE TOUNIS";;"TOULOUSE";"31000";"AB";"131";;;;;1115;4
"73";"Midi-Pyrénées";"31";"Haute-Garonne";"31555";"03155522M0027";2;"2023-02-08";;;2022;"2022-11";"2023-02";;"2023-02";"84.11Z";7344;"TOULOUSE METROPOLE";"243100518";"24310051800170";"31500";"TOULOUSE";"false";;"RUE";"CROIX BARAGNON & RUE B";;"TOULOUSE";"31000";"AB";"110";;;;;69;4
"73";"Midi-Pyrénées";"31";"Haute-Garonne";"31555";"03155522M0029";2;"2023-01-30";;;2022;"2022-12";"2023-01";;"2023-01";"84.11Z";7344;"TOULOUSE METROPOLE";"243100518";"24310051800170";"31505";"TOULOUSE";"false";"34 B";"RUE";"VALADE";;"TOULOUSE";"31000";;;;;;;0;4
"73";"Midi-Pyrénées";"31";"Haute-Garonne";"31555";"03155522M0031";2;"2023-01-26";;;2022;"2022-12";"2023-01";;"2023-01";"84.11Z";7344;"TOULOUSE METROPOLE";"243100518";"24310051800170";"31000";"TOULOUSE";"false";;"RUE";"JACQUELINE AURIOL";"ANCIEN AERODROME DE MONTAUDRAN";"TOULOUSE";"31400";"AH";"150";"AH";"151";"AH";"165";7897;4
"73";"Midi-Pyrénées";"31";"Haute-Garonne";"31555";"03155523M0003";2;"2023-05-17";;;2023;"2023-01";"2023-05";;"2023-05";"41.10D";6541;"M.L.P.";"813687621";"81368762100017";"31830";"PLAISANCE DU TOUCH";"true";"70";"CH";"DE BALLUFET";;"TOULOUSE";"31300";"BL";"212";"BL";"213";"BL";"400";12256;4
"73";"Midi-Pyrénées";"31";"Haute-Garonne";"31555";"03155523M0005";2;"2023-05-24";;;2023;"2023-01";"2023-05";;"2023-05";"68.20B";6540;"BOCE MUSSET";"439415084";"43941508400037";"31170";"TOURNEFEUILLE";"false";"30";"ALLEE";"DES VITARELLES";;"TOULOUSE";"31000";"AX";"316";"AX";"318";;;0;4
"73";"Midi-Pyrénées";"31";"Haute-Garonne";"31555";"03155523M0006";6;"2023-06-21";"2023-08-21";"2023-11-30";2023;"2023-02";"2023-06";"2023-11";"2023-11";;;;;;"38100";"GRENOBLE";"false";"10 B";"RUE";"JOLIMONT";;"TOULOUSE";"31";"AB";"226";"AB";"46";"AB";"47";1637;4
"73";"Midi-Pyrénées";"31";"Haute-Garonne";"31555";"03155523M0008";5;"2023-05-31";"2023-06-05";;2023;"2023-03";"2023-05";"2023-06";"2023-06";;;;;;"31100";"TOULOUSE";"false";;"IMP";"DES FIGUIERS";;"TOULOUSE";"31000";"BE";"109";"BE";"111";"BE";"129";1014;4
"73";"Midi-Pyrénées";"31";"Haute-Garonne";"31555";"03155523M0011";6;"2023-05-31";"2024-01-08";"2024-03-28";2023;"2023-03";"2023-05";"2024-01";"2024-03";"41.10A";5710;"SOCIETE DE DEVELOPPEMENT DE PROJET IMMOBILIER";"851806653";"85180665300016";"31770";"COLOMIERS";"false";"22";"CH";"DE RAMELET MOUNDI";;"TOULOUSE";"31100";"AY";"90";;;;;1691;4
"73";"Midi-Pyrénées";"31";"Haute-Garonne";"31555";"03155523M0012";2;"2023-07-03";;;2023;"2023-04";"2023-07";;"2023-07";"71.12B";5599;"TISSEO INGENIERIE";"408370740";"40837074000032";"31004";"TOULOUSE";"false";;;"CHE DES DATURAS";;"TOULOUSE";"31200";"BR";"18";"BR";"2";"BV";"14";153720;4
"73";"Midi-Pyrénées";"31";"Haute-Garonne";"31555";"03155523M0013";2;"2023-07-17";;;2023;"2023-04";"2023-07";;"2023-07";;;;;;"31100";"TOULOUSE";"false";"51";;"ALL DES VITARELLES";;"TOULOUSE";"31100";"AX";"104";"AX";"105";"AX";"105";2536;4
"73";"Midi-Pyrénées";"31";"Haute-Garonne";"31555";"03155523M0014";2;"2023-08-17";;;2023;"2023-04";"2023-08";;"2023-08";"84.11Z";7344;"TOULOUSE METROPOLE";"243100518";"24310051800170";"31500";"TOULOUSE";"false";;"ALLEE";"ALFRED MAYSSONNIE";;"TOULOUSE";"31400";"AH";"1";"AH";"3";;;131382;4
"73";"Midi-Pyrénées";"31";"Haute-Garonne";"31555";"03155523M0016";2;"2023-07-10";;;2023;"2023-04";"2023-08";;"2023-08";"84.11Z";7210;"COMMUNE DE TOULOUSE";"213105554";"21310555400017";"31040";"TOULOUSE";"true";;;"RUE DU PONT ST PIERRE";;"TOULOUSE";"31998";"AD";"486";"AD";"487";"AD";"490";46263;4
"73";"Midi-Pyrénées";"31";"Haute-Garonne";"31555";"03155523M0018";2;"2023-06-21";;;2023;"2023-05";"2023-06";;"2023-06";;;;;;"31400";"TOULOUSE";"false";"35";"RUE";"FRANCAISE";;"TOULOUSE";"31400";"AB";"294";;;;;619;4
"73";"Midi-Pyrénées";"31";"Haute-Garonne";"31555";"03155523M0019";2;"2023-07-03";;;2023;"2023-05";"2023-07";;"2023-07";"84.11Z";7344;"TOULOUSE METROPOLE";"243100518";"24310051800170";"31000";"TOULOUSE";"false";;;"RUE DE LA COLOMBETTE";;"TOULOUSE";"31000";"AC";"14";;;;;272;4
"73";"Midi-Pyrénées";"31";"Haute-Garonne";"31555";"03155523M0020";2;"2023-08-17";;;2023;"2023-05";"2023-08";;"2023-08";"84.11Z";7344;"TOULOUSE METROPOLE";"243100518";"24310051800170";"31000";"TOULOUSE";"false";;"ALLEE";"RAVANEL FREDERIC MIST";;"TOULOUSE";"31400";"AC";"133";"AC";"244";;;2352;4
"73";"Midi-Pyrénées";"31";"Haute-Garonne";"31555";"03155523M0021";2;"2023-08-30";;;2023;"2023-06";"2023-08";;"2023-08";;;;;;"31100";"TOULOUSE";"false";"1";"CH";"DE CANTO-LAOUZETO";;"TOULOUSE";"31100";"AR";"164";;;;;1051;4
"73";"Midi-Pyrénées";"31";"Haute-Garonne";"31555";"03155523M0022";2;"2023-10-09";;;2023;"2023-06";"2023-10";;"2023-10";"84.11Z";7344;"TOULOUSE METROPOLE";"243100518";"24310051800170";"31500";"TOULOUSE";"false";"149";"AV";"DE LESPINET";;"TOULOUSE";"31400";"AH";"165";"AH";"296";"AI";"109";0;4
"73";"Midi-Pyrénées";"31";"Haute-Garonne";"31555";"03155523M0025";2;"2023-10-02";;;2023;"2023-07";"2023-10";;"2023-10";"84.11Z";7344;"TOULOUSE METROPOLE";"243100518";"24310051800170";"31000";"TOULOUSE";"false";;"RUE";"DU PERIGORD";;"TOULOUSE";"31000";"AB";"102";;;;;5825;4
"73";"Midi-Pyrénées";"31";"Haute-Garonne";"31555";"03155523M0027";2;"2023-08-22";;;2023;"2023-08";"2023-08";;"2023-08";;;;;;"31400";"TOULOUSE";"false";"3";"CH";"DE SAUGES";;"TOULOUSE";"31400";"AK";"155";;;;;509;4
"73";"Midi-Pyrénées";"31";"Haute-Garonne";"31555";"03155523M0028";2;"2023-10-30";;;2023;"2023-08";"2023-10";;"2023-10";;;;;;"31100";"TOULOUSE";"false";"72";"CH";"DE MOULIS";;"TOULOUSE";"31200";"AB";"209";"AB";"210";"AB";"211";869;4
"73";"Midi-Pyrénées";"31";"Haute-Garonne";"31555";"03155523M0030";2;"2023-12-13";;;2023;"2023-09";"2023-12";;"2023-12";"84.11Z";7344;"TOULOUSE METROPOLE";"243100518";"24310051800170";"31505";"TOULOUSE";"false";;"AV";"DE L'URSS";;"TOULOUSE";"31400";"AB";"421";"AC";"166";;;17595;4
"73";"Midi-Pyrénées";"31";"Haute-Garonne";"31555";"03155523M0032";2;"2023-12-06";;;2023;"2023-09";"2023-12";;"2023-12";"94.20Z";8311;"COMITE SOCIAL ECONOMIQUE AIRBUS OPERATIONS TOULOUSE";"775581184";"77558118400030";"31000";"TOULOUSE";"true";"22";"CH";"DE GARRIC";;"TOULOUSE";"31200";"AO";"335";;;;;39294;4
"73";"Midi-Pyrénées";"31";"Haute-Garonne";"31555";"03155523M0033";2;"2023-11-08";;;2023;"2023-09";"2023-11";;"2023-11";"68.20B";6540;"SCI CHAMPETRE";"790563555";"79056355500016";"31300";"TOULOUSE";"true";"8";"RUE";"CHAMPETRE";;"TOULOUSE";"31300";"AC";"370";"AC";"841";"AC";"843";714;4
"73";"Midi-Pyrénées";"31";"Haute-Garonne";"31555";"03155523M0034";2;"2023-11-13";;;2023;"2023-10";"2023-11";;"2023-11";"84.11Z";7210;"COMMUNE DE TOULOUSE";"213105554";"21310555400017";"31000";"TOULOUSE";"false";;;"SQUARE DE LA VIERGE ROUGE";;"TOULOUSE";"31200";"AD";"432";;;;;1575;4
"73";"Midi-Pyrénées";"31";"Haute-Garonne";"31555";"03155523M0036";5;"2023-12-13";"2024-08-23";;2023;"2023-10";"2023-12";"2024-08";"2024-08";"41.10D";6599;"SCCV TOULOUSE 142 AVENUE DES ETATS UNIS";"982637431";"98263743100015";"31000";"TOULOUSE";"false";"105";"AV";"DES ETATS-UNIS";;"TOULOUSE";"31200";"AI";"81";"AI";"83";"AI";"84";28247;4
"73";"Midi-Pyrénées";"31";"Haute-Garonne";"31555";"03155523M0037";2;"2024-02-15";;;2023;"2023-11";"2024-02";;"2024-02";;;;;;"81150";"CESTAYROLS";"true";"220";"CH";"DE TOURNEFEUILLE";;"TOULOUSE";"31300";"AO";"28";;;;;8638;4
"73";"Midi-Pyrénées";"31";"Haute-Garonne";"31555";"03155523M0038";2;"2024-01-22";;;2023;"2023-11";"2024-01";;"2024-01";"84.11Z";7344;"TOULOUSE METROPOLE";"243100518";"24310051800170";"31500";"TOULOUSE";"false";;"RUE";"SAINTE CATHERINE";;"TOULOUSE";"31400";"AB";"214";"AB";"430";;;3200;4
"73";"Midi-Pyrénées";"31";"Haute-Garonne";"31555";"03155523M0039";2;"2024-02-28";;;2023;"2023-11";"2024-05";;"2024-05";"84.11Z";7344;"TOULOUSE METROPOLE";"243100518";"24310051800170";"31500";"TOULOUSE";"false";;;"GRANDE RUE SAINT MICHEL";;"TOULOUSE";"31400";"AB";"178";"AC";"204";"AC";"205";18100;4
"73";"Midi-Pyrénées";"31";"Haute-Garonne";"31555";"03155523M0041";2;"2024-02-07";;;2023;"2023-11";"2024-02";;"2024-02";"84.11Z";7344;"TOULOUSE METROPOLE";"243100518";"24310051800170";"31000";"TOULOUSE";"false";"1 B";"PLACE";"ST ROCH";;"TOULOUSE";"31400";"AC";"358";;;;;384;4
"73";"Midi-Pyrénées";"31";"Haute-Garonne";"31555";"03155523M0042";2;"2024-02-28";;;2023;"2023-11";"2024-02";;"2024-02";"84.11Z";7344;"TOULOUSE METROPOLE";"243100518";"24310051800170";"31000";"TOULOUSE";"false";"7";"PLACE";"DU PARLEMENT";;"TOULOUSE";"31000";"AB";"466";;;;;2026;4
"73";"Midi-Pyrénées";"31";"Haute-Garonne";"31555";"03155523M0043";2;"2024-01-10";;;2023;"2023-11";"2024-05";;"2024-05";;;;;;"31100";"TOULOUSE";"false";"52";;"CHEMIN DU RENARD";;"TOULOUSE";"31000";"AH";"20";"AH";"21";;;1997;4
"73";"Midi-Pyrénées";"31";"Haute-Garonne";"31555";"03155523M0044";2;"2024-02-07";;;2023;"2023-11";"2024-02";;"2024-02";"84.11Z";7210;"COMMUNE DE TOULOUSE";"213105554";"21310555400017";"31000";"TOULOUSE";"false";;"PLACE";"BACHELIER";;"TOULOUSE";"31000";"AB";"503";;;;;1045;4
"73";"Midi-Pyrénées";"31";"Haute-Garonne";"31555";"03155523M0045";2;"2024-01-31";;;2023;"2023-11";"2024-01";;"2024-01";"84.11Z";7344;"TOULOUSE METROPOLE";"243100518";"24310051800170";"31000";"TOULOUSE";"false";"21";"ALLEE";"EDOUARD BRANLY";;"TOULOUSE";"31400";"AD";"54";"AD";"549";"AD";"570";2107;4
"73";"Midi-Pyrénées";"31";"Haute-Garonne";"31555";"03155523M0046";2;"2025-02-07";;;2023;"2023-11";"2025-02";;"2025-02";"84.11Z";7344;"TOULOUSE METROPOLE";"243100518";"24310051800170";"31000";"TOULOUSE";"false";"40";"RUE";"DU JAPON";;"TOULOUSE";"31400";"AD";"621";"AD";"649";;;272;4
"73";"Midi-Pyrénées";"31";"Haute-Garonne";"31555";"03155523M0047";2;"2024-01-12";;;2023;"2023-12";"2024-01";;"2024-01";"84.11Z";7344;"TOULOUSE METROPOLE";"243100518";"24310051800170";"31000";"TOULOUSE";"false";;"RUE";"DES SALENQUES";;"TOULOUSE";"31000";"AD";"251";;;;;226;4
"73";"Midi-Pyrénées";"31";"Haute-Garonne";"31555";"03155523M0048";2;"2024-03-06";;;2023;"2023-12";"2024-03";;"2024-03";"84.11Z";7344;"TOULOUSE METROPOLE";"243100518";"24310051800170";"31000";"TOULOUSE";"false";;"RUE";"D'ALSACE LORRAINE";;"TOULOUSE";"31000";"AB";"70";;;;;1045;4
"73";"Midi-Pyrénées";"31";"Haute-Garonne";"31555";"03155523M0051";2;"2024-04-03";;;2023;"2023-12";"2024-04";;"2024-04";"84.11Z";7210;"COMMUNE DE TOULOUSE";"213105554";"21310555400017";"31000";"TOULOUSE";"false";"24";"CH";"DE BORDEBLANCHE";;"TOULOUSE";"31100";"AW";"103";;;;;29443;4
"73";"Midi-Pyrénées";"31";"Haute-Garonne";"31555";"03155523M0052";6;"2024-02-20";"2024-08-20";"2025-08-25";2023;"2023-12";"2024-02";"2025-08";"2025-08";"66.30Z";6599;"HGC";"808581409";"80858140900014";"31400";"TOULOUSE";"false";"9";"RUE";"FOUQUE";;"TOULOUSE";"31400";"AE";"135";;;;;594;4
"73";"Midi-Pyrénées";"31";"Haute-Garonne";"31555";"03155523M0053";2;"2024-04-16";;;2023;"2023-12";"2024-04";;"2024-04";"46.74A";5599;"SOCIETE DES FERRONNERIES DU MIDI";"570805838";"57080583800028";"31000";"TOULOUSE";"true";"16";"RUE";"EMILE BROUARDEL";;"TOULOUSE";"31000";"AC";"41";"AC";"42";"AC";"43";19302;4
"73";"Midi-Pyrénées";"31";"Haute-Garonne";"31555";"03155523M0054";2;"2024-03-27";;;2023;"2023-12";"2024-03";;"2024-03";"84.11Z";7344;"TOULOUSE METROPOLE";"243100518";"24310051800063";"31505";"TOULOUSE";"false";;;"PARVIS BRIENNE  SAINT PIER";;"TOULOUSE";"31000";"AE";"135";"AE";"139";"AE";"215";0;4
"73";"Midi-Pyrénées";"31";"Haute-Garonne";"31555";"03155523M0055";2;"2024-09-23";;;2023;"2023-12";"2024-09";;"2024-09";"84.11Z";7344;"TOULOUSE METROPOLE";"243100518";"24310051800063";"31505";"TOULOUSE";"false";;;"PARVIS BRIENNE  SAINT PIER";;"TOULOUSE";"31000";;;;;;;0;4
"73";"Midi-Pyrénées";"31";"Haute-Garonne";"31555";"03155524M0001";2;"2024-04-22";;;2024;"2024-01";"2024-04";;"2024-04";"41.10C";5710;"SC2L IMMO";"903247294";"90324729400015";"31470";"FONTENILLES";"false";"8";"RUE";"ALFRED RAMBAUD";;"TOULOUSE";"31400";"AI";"165";;;;;983;4
"73";"Midi-Pyrénées";"31";"Haute-Garonne";"31555";"03155524M0002";2;"2024-05-27";;;2024;"2024-01";"2024-05";;"2024-05";"93.12Z";9220;"ASS  TLSE OLYMP ETUDTS EMPLOY CLUB TOEC";"425224326";"42522432600016";"31300";"TOULOUSE";"true";"8";"RUE";"ERNEST DUFER";;"TOULOUSE";"31300";"AM";"286";"AM";"287";"AM";"354";28594;4
"73";"Midi-Pyrénées";"31";"Haute-Garonne";"31555";"03155524M0003";2;"2024-02-09";;;2024;"2024-02";"2024-02";;"2024-02";;;;;;"31100";"TOULOUSE";"false";"8";"RUE";"JACQUES GAMELIN";;"TOULOUSE";"31100";"AC";"588";;;;;25511;4
"73";"Midi-Pyrénées";"31";"Haute-Garonne";"31555";"03155524M0004";4;"2024-03-18";;;2024;"2024-02";"2024-03";;"2024-11";;;;;;"31100";"TOULOUSE";"false";"23";;"RUE JEAN DOUJAT";;"TOULOUSE";"31100";"AX";"187";;;;;2084;4
"73";"Midi-Pyrénées";"31";"Haute-Garonne";"31555";"03155524M0005";2;"2024-10-16";;;2024;"2024-02";"2024-10";;"2024-10";"84.11Z";7344;"TOULOUSE METROPOLE";"243100518";"24310051800170";"31505";"TOULOUSE";"false";;"PORT";"SAINT SAUVEUR / SAINT";;"TOULOUSE";"31000";"AC";"200";"AC";"381";;;2095;4
"73";"Midi-Pyrénées";"31";"Haute-Garonne";"31555";"03155524M0006";2;"2024-05-06";;;2024;"2024-02";"2024-05";;"2024-05";"68.20B";6599;"MAISON GPTS PATRONAUX INDUSTRIE TOULOUSE";"776916090";"77691609000017";"31400";"TOULOUSE";"false";;"IMP";"HENRI TAGNERES / R";;"TOULOUSE";"31400";"AD";"384";"AD";"408";"AD";"409";1400;4
"73";"Midi-Pyrénées";"31";"Haute-Garonne";"31555";"03155524M0007";2;"2024-10-14";;;2024;"2024-02";"2024-10";;"2024-10";"84.11Z";7344;"TOULOUSE METROPOLE";"243100518";"24310051800170";"31505";"TOULOUSE";"false";;"BD";"MONPLAISIR";;"TOULOUSE";"31400";"AC";"49";"AD";"619";;;900;4
"73";"Midi-Pyrénées";"31";"Haute-Garonne";"31555";"03155524M0008";2;"2024-10-14";;;2024;"2024-02";"2024-10";;"2024-10";"84.11Z";7344;"TOULOUSE METROPOLE";"243100518";"24310051800170";"31500";"TOULOUSE";"false";"38";"BD";"DES MINIMES";;"TOULOUSE";"31200";"AD";"96";;;;;2435;4
"73";"Midi-Pyrénées";"31";"Haute-Garonne";"31555";"03155524M0009";2;"2024-10-16";;;2024;"2024-02";"2024-10";;"2024-10";"84.11Z";7344;"TOULOUSE METROPOLE";"243100518";"24310051800170";"31505";"TOULOUSE";"false";;"BD";"DE LA GARE";;"TOULOUSE";"31500";"AB";"178";;;;;2928;4
"73";"Midi-Pyrénées";"31";"Haute-Garonne";"31555";"03155524M0010";2;"2024-06-14";;;2024;"2024-03";"2024-06";;"2024-06";"68.20B";6540;"SCI DU CHAPITRE";"381818780";"38181878000052";"31100";"TOULOUSE";"false";"269";"RUE";"LEON JOULIN";;"TOULOUSE";"31100";;;;;;;693;4
"73";"Midi-Pyrénées";"31";"Haute-Garonne";"31555";"03155524M0013";5;"2024-07-10";"2024-07-17";;2024;"2024-03";"2024-07";"2024-07";"2024-07";"71.12B";5599;"SPL AGENCE REGIONALE DE L'AMENAGEMENT ET DE LA CONSTRUCTION OCCITANIE";"533969457";"53396945700043";"31400";"TOULOUSE";"false";"7";"PLACE";"DES JACOBINS";;"TOULOUSE";"31068";"AB";"719";;;;;30400;4
"73";"Midi-Pyrénées";"31";"Haute-Garonne";"31555";"03155524M0016";2;"2024-07-10";;;2024;"2024-04";"2024-07";;"2024-07";;;;;;"31280";"DREMIL LAFAGE";"false";"40 BI";"RUE";"ST THOMAS D AQUIN";;"TOULOUSE";"31000";"AC";"229";;;;;346;4
"73";"Midi-Pyrénées";"31";"Haute-Garonne";"31555";"03155524M0017";2;"2024-09-20";;;2024;"2024-04";"2024-09";;"2024-09";"84.11Z";7344;"TOULOUSE METROPOLE";"243100518";"24310051800170";"31200";"TOULOUSE";"false";"15";"ROUTE";"DE BLAGNAC";;"TOULOUSE";"31200";"AB";"237";;;;;353;4
"73";"Midi-Pyrénées";"31";"Haute-Garonne";"31555";"03155524M0018";2;"2025-03-03";;;2024;"2024-04";"2025-03";;"2025-03";"71.11Z";5599;"EUROPOLIA";"528861685";"52886168500030";"31000";"TOULOUSE";"false";;"AV";"DE LYON ET RUE DU M";;"TOULOUSE";"31000";"AD";"378";"AE";"39";"AE";"40";439307;4
"73";"Midi-Pyrénées";"31";"Haute-Garonne";"31555";"03155524M0019";2;"2024-09-20";;;2024;"2024-05";"2024-09";;"2024-09";"84.11Z";7210;"COMMUNE DE TOULOUSE";"213105554";"21310555400017";"31300";"TOULOUSE";"false";;"PLACE";"ROQUELAINE";;"TOULOUSE";"31000";;;;;;;0;4
"73";"Midi-Pyrénées";"31";"Haute-Garonne";"31555";"03155524M0022";2;"2024-09-03";;;2024;"2024-06";"2024-09";;"2024-09";"85.42Z";7383;"INSTITUT SUPERIEUR DE L'AERONAUTIQUE ET DE L'ESPACE";"130004278";"13000427800011";;;"false";"10";;"AVENUE EDOUARD BELIN";;"TOULOUSE";"31400";"BH";"14";;;;;47282;4
"73";"Midi-Pyrénées";"31";"Haute-Garonne";"31555";"03155524M0024";2;"2024-08-22";;;2024;"2024-07";"2024-08";;"2024-08";"84.11Z";7344;"TOULOUSE METROPOLE";"243100518";"24310051800170";"31000";"TOULOUSE";"false";;"RUE";"GATIEN ARNOULT  RUE TR";;"TOULOUSE";"31000";;;;;;;329;4
"73";"Midi-Pyrénées";"31";"Haute-Garonne";"31555";"03155524M0025";2;"2024-08-07";;;2024;"2024-07";"2024-08";;"2024-08";"68.20A";5599;"SOCIETE ANONYME D'HABITATIONS A LOYER MODERE ALTEAL";"630802262";"63080226200034";"31770";"COLOMIERS";"true";"4";"AV";"MARC PELEGRIN";;"TOULOUSE";"31100";"BH";"11";;;;;31489;4
"73";"Midi-Pyrénées";"31";"Haute-Garonne";"31555";"03155524M0026";2;"2025-03-17";;;2024;"2024-07";"2025-03";;"2025-03";"84.11Z";7344;"TOULOUSE METROPOLE";"243100518";"24310051800170";"31500";"TOULOUSE";"false";;"PLACE";"LAGANNE";;"TOULOUSE";"31300";"AE";"5";;;;;322;4
"73";"Midi-Pyrénées";"31";"Haute-Garonne";"31555";"03155524M0027";4;"2024-09-30";;;2024;"2024-08";"2024-09";;"2025-11";"42.99Z";5710;"GGL TERRITOIRES";"881779136";"88177913600012";"34000";"MONTPELLIER";"false";"59";"CH";"SALINIE";;"TOULOUSE";"31100";"BB";"432";"BB";"544";;;1653;4
"73";"Midi-Pyrénées";"31";"Haute-Garonne";"31555";"03155524M0031";2;"2024-12-02";;;2024;"2024-09";"2024-12";;"2024-12";"84.11Z";7344;"TOULOUSE METROPOLE";"243100518";"24310051800170";"31200";"TOULOUSE";"true";"0";"PLACE";"DU MARCHE AUX COCHON";;"TOULOUSE";"31200";"AB";"243";;;;;2950;4
"73";"Midi-Pyrénées";"31";"Haute-Garonne";"31555";"03155524M0033";2;"2025-06-17";;;2024;"2024-09";"2025-06";;"2025-06";"84.11Z";7344;"TOULOUSE METROPOLE";"243100518";"24310051800170";;;"false";;;"PORT DE L EMBOUCHURE";"BASSIN DES FILTRES";"TOULOUSE";"31000";"AB";"8";"AB";"9";;;19490;4
"73";"Midi-Pyrénées";"31";"Haute-Garonne";"31555";"03155524M0034";2;"2025-06-02";;;2024;"2024-09";"2025-06";;"2025-06";"84.11Z";7344;"TOULOUSE METROPOLE";"243100518";"24310051800170";"31505";"TOULOUSE";"false";;;"PORT SAINT SAUVEUR / PONT";;"TOULOUSE";"31400";"AC";"20";"AC";"21";"AC";"26";0;4
"73";"Midi-Pyrénées";"31";"Haute-Garonne";"31555";"03155524M0035";2;"2024-12-03";;;2024;"2024-09";"2024-12";;"2024-12";;;;;;"31000";"TOULOUSE";"false";"8";"RUE";"D AURIOL";;"TOULOUSE";"31400";"AD";"149";;;;;268;4
"73";"Midi-Pyrénées";"31";"Haute-Garonne";"31555";"03155524M0036";2;"2024-12-18";;;2024;"2024-10";"2024-12";;"2024-12";"84.11Z";7344;"TOULOUSE METROPOLE";"243100518";"24310051800170";"31000";"TOULOUSE";"true";"0";"RUE";"DES FRANCAIS LIBRES";;"TOULOUSE";"31400";"AD";"106";;;;;7565;4
"73";"Midi-Pyrénées";"31";"Haute-Garonne";"31555";"03155524M0037";2;"2025-01-27";;;2024;"2024-10";"2025-01";;"2025-01";"84.11Z";7344;"TOULOUSE METROPOLE";"243100518";"24310051800170";"31300";"TOULOUSE";"false";;"AV";"ETIENNE BILLIERES";;"TOULOUSE";"31300";;;;;;;0;4
"73";"Midi-Pyrénées";"31";"Haute-Garonne";"31555";"03155524M0038";2;"2024-12-18";;;2024;"2024-10";"2024-12";;"2024-12";"41.10A";5710;"BELLEVUE PROMOTION";"925219636";"92521963600014";"31000";"TOULOUSE";"true";"11";"RUE";"DU PRILLOUME";;"TOULOUSE";"31100";"AW";"94";"AW";"95";;;2023;4
"73";"Midi-Pyrénées";"31";"Haute-Garonne";"31555";"03155524M0039";2;"2025-05-19";;;2024;"2024-12";"2025-05";;"2025-05";"84.11Z";7344;"TOULOUSE METROPOLE";"243100518";"24310051800170";"31500";"TOULOUSE";"true";;;"RUE ARISTIDE MAILLOL";;"TOULOUSE";"31100";"BI";"148";"BI";"149";"BI";"151";0;4
"73";"Midi-Pyrénées";"31";"Haute-Garonne";"31555";"03155524M0040";2;"2025-04-11";;;2024;"2024-12";"2025-04";;"2025-04";"84.11Z";7344;"TOULOUSE METROPOLE";"243100518";"24310051800170";"31500";"TOULOUSE";"true";"85";"CH";"DU MIRAIL";;"TOULOUSE";"31100";"BA";"84";;;;;4870;4
"73";"Midi-Pyrénées";"31";"Haute-Garonne";"31555";"03155524M0041";2;"2025-05-26";;;2024;"2024-12";"2025-05";;"2025-05";"56.10A";5710;"BOWLING DE MONTAUDRAN";"950015750";"95001575000033";"31400";"TOULOUSE";"true";"8";;"IMPASSE LOUISE LABE";;"TOULOUSE";"31400";"AO";"136";"AO";"88";"AO";"99";35301;4
"73";"Midi-Pyrénées";"31";"Haute-Garonne";"31555";"03155524M0042";6;"2025-04-14";"2025-06-10";"2025-11-13";2024;"2024-12";"2025-04";"2025-06";"2025-11";;;;;;"31100";"TOULOUSE";"false";"71";"RUE";"NICOLAS-LOUIS VAUQUELI";;"TOULOUSE";"31100";"BH";"27";;;;;1235;4
"73";"Midi-Pyrénées";"31";"Haute-Garonne";"31555";"0315552500001";2;"2025-04-11";;;2025;"2025-01";"2025-04";;"2025-04";"68.20A";4140;"HABITAT TOULOUSE";"400121463";"40012146300105";"31000";"TOULOUSE";"true";"2";"RUE";"DES CHAMOIS";;"TOULOUSE";"31200";"AL";"170";"AL";"171";"AL";"172";18191;4
"73";"Midi-Pyrénées";"31";"Haute-Garonne";"31555";"0315552500002";2;"2025-06-05";;;2025;"2025-02";"2025-06";;"2025-06";"84.11Z";7344;"TOULOUSE METROPOLE";"243100518";"24310051800170";"31000";"TOULOUSE";"true";;"RUE";"DE LA DIGUE";;"TOULOUSE";"31300";"AD";"489";;;;;158;4
"73";"Midi-Pyrénées";"31";"Haute-Garonne";"31555";"0315552500004";2;"2025-07-03";;;2025;"2025-03";"2025-07";;"2025-07";"84.11Z";7344;"TOULOUSE METROPOLE";"243100518";"24310051800170";"31000";"TOULOUSE";"true";"70";"AV";"ALBERT BEDOUCE";;"TOULOUSE";"31400";;;;;;;0;4
"73";"Midi-Pyrénées";"31";"Haute-Garonne";"31555";"0315552500005";2;"2025-05-05";;;2025;"2025-03";"2025-05";;"2025-05";;;;;;"31400";"TOULOUSE";"true";"24";;"RUE PIERRE BROSSOLETTE";;"TOULOUSE";"31400";"AE";"361";"AE";"368";"AE";"369";3344;4
"73";"Midi-Pyrénées";"31";"Haute-Garonne";"31555";"0315552500006";2;"2025-05-19";;;2025;"2025-03";"2025-05";;"2025-05";"71.11Z";5599;"EUROPOLIA";"528861685";"52886168500030";"31000";"TOULOUSE";"false";"11";;"AVENUE RAYMOND BADIOU";;"TOULOUSE";"31998";"AC";"163";"AC";"225";"AC";"228";98411;4
"73";"Midi-Pyrénées";"31";"Haute-Garonne";"31555";"0315552500009";2;"2025-07-10";;;2025;"2025-03";"2025-07";;"2025-07";"82.99Z";5499;"BUDGECOM";"423018472";"42301847200047";"31120";"PORTET SUR GARONNE";"false";"1";"RUE";"GEORGES OHNET";;"TOULOUSE";"31000";"AC";"1";"AC";"528";;;1023;4
"73";"Midi-Pyrénées";"31";"Haute-Garonne";"31555";"0315552500010";2;"2025-07-10";;;2025;"2025-04";"2025-07";;"2025-07";"71.11Z";5599;"EUROPOLIA";"528861685";"52886168500030";"31000";"TOULOUSE";"false";;"BD";"MARENGO";;"TOULOUSE";"31500";"AB";"76";;;;;4863;4
"73";"Midi-Pyrénées";"31";"Haute-Garonne";"31555";"0315552500011";2;"2025-07-10";;;2025;"2025-05";"2025-07";;"2025-07";"84.11Z";7210;"COMMUNE DE TOULOUSE";"213105554";"21310555400017";"31500";"TOULOUSE";"false";;"AV";"EDOUARD DEBAT PONSA";;"TOULOUSE";"31000";;;;;;;0;4
"73";"Midi-Pyrénées";"31";"Haute-Garonne";"31555";"0315552500012";2;"2025-08-21";;;2025;"2025-05";"2025-08";;"2025-08";"84.11Z";7344;"TOULOUSE METROPOLE";"243100518";"24310051800170";"31000";"TOULOUSE";"true";"37";"ALLEE";"HENRI SELLIER";;"TOULOUSE";"31400";"AE";"1";"AE";"371";;;34490;4
"73";"Midi-Pyrénées";"31";"Haute-Garonne";"31555";"0315552500014";2;"2025-09-02";;;2025;"2025-06";"2025-09";;"2025-09";"68.10Z";5710;"VMP ET ASSOCIES";"934852781";"93485278100012";"31000";"TOULOUSE";"false";"2";"IMP";"SALINIE";;"TOULOUSE";"31100";"BH";"104";;;;;2420;4
"73";"Midi-Pyrénées";"31";"Haute-Garonne";"31555";"0315552500015";2;"2025-09-26";;;2025;"2025-06";"2025-09";;"2025-09";"68.20A";4140;"HABITAT TOULOUSE";"400121463";"40012146300105";"31000";"TOULOUSE";"true";;"RUE";"NORBERT CASTERET";;"TOULOUSE";"31300";"AI";"153";"AI";"8";;;42238;4
"73";"Midi-Pyrénées";"31";"Haute-Garonne";"31555";"0315552500016";2;"2025-09-15";;;2025;"2025-07";"2025-09";;"2025-09";"84.11Z";7344;"TOULOUSE METROPOLE";"243100518";"24310051800170";"31000";"TOULOUSE";"false";;"RUE";"ARAGO";;"TOULOUSE";"31500";;;;;;;0;4
"73";"Midi-Pyrénées";"31";"Haute-Garonne";"31555";"0315552500017";2;"2025-09-15";;;2025;"2025-07";"2025-09";;"2025-09";"84.11Z";7344;"TOULOUSE METROPOLE";"243100518";"24310051800170";"31000";"TOULOUSE";"false";;"RUE";"DU GENERAL JEAN COMPAN";;"TOULOUSE";"31500";;;;;;;0;4
"73";"Midi-Pyrénées";"31";"Haute-Garonne";"31555";"0315552500019";2;"2025-11-10";;;2025;"2025-07";"2025-11";;"2025-11";"86.10Z";7364;"HOPITAL PURPAN";"263100125";"26310012500040";"31000";"TOULOUSE";"true";;;"AVENUE DU PR JEAN DAUSSET";;"TOULOUSE";"31000";"AO";"16";"AO";"3";"AP";"2";407607;4
"73";"Midi-Pyrénées";"31";"Haute-Garonne";"31555";"0315552500020";2;"2025-10-27";;;2025;"2025-08";"2025-10";;"2025-10";"71.11Z";5599;"EUROPOLIA";"528861685";"52886168500030";"31000";"TOULOUSE";"false";"31";"CH";"DE LAPUJADE";;"TOULOUSE";"31200";"AD";"294";"AD";"295";"AD";"296";5814;4
"73";"Midi-Pyrénées";"31";"Haute-Garonne";"31555";"0315552500021";2;"2025-10-28";;;2025;"2025-08";"2025-10";;"2025-10";"68.10Z";5710;"MAISON BASSO";"940354400";"94035440000019";"31100";"TOULOUSE";"true";"26";"CH";"DE BASSO CAMBO";;"TOULOUSE";"31100";"AR";"180";;;;;3863;4
"73";"Midi-Pyrénées";"31";"Haute-Garonne";"31555";"0315552500022";2;"2025-10-17";;;2025;"2025-08";"2025-10";;"2025-10";;;;;;"31100";"TOULOUSE";"true";"59";"ALLEE";"DES VITARELLES";;"TOULOUSE";"31100";"AX";"128";"AX";"129";"AX";"130";1868;4
"73";"Midi-Pyrénées";"31";"Haute-Garonne";"31555";"0315552500024";2;"2025-12-01";;;2025;"2025-09";"2025-12";;"2025-12";;;;;;"31400";"TOULOUSE";"false";"25";"RUE";"PIERRE BROSSOLETTE";;"TOULOUSE";"31400";"AB";"301";;;;;1545;4
"73";"Midi-Pyrénées";"31";"Haute-Garonne";"31555";"0315552500025";2;"2025-11-03";;;2025;"2025-09";"2025-11";;"2025-11";"84.11Z";7344;"TOULOUSE METROPOLE";"243100518";"24310051800170";"31000";"TOULOUSE";"false";;"RUE";"DES FONTAINES";;"TOULOUSE";"31300";"AC";"1";"AC";"293";"AC";"869";712;4
"73";"Midi-Pyrénées";"31";"Haute-Garonne";"31555";"0315552500027";2;"2025-12-08";;;2025;"2025-09";"2025-12";;"2025-12";"84.11Z";7344;"TOULOUSE METROPOLE";"243100518";"24310051800170";"31200";"TOULOUSE";"false";;"BD";"DE SUISSE";;"TOULOUSE";"31200";;;;;;;0;4
"73";"Midi-Pyrénées";"31";"Haute-Garonne";"31555";"0315552500029";2;"2025-12-08";;;2025;"2025-10";"2025-12";;"2025-12";;;;;;"31330";"MERVILLE";"true";"47";"CH";"DU CARRELOT";;"TOULOUSE";"31100";"AY";"155";"AY";"568";;;2687;4
